vib_mean,vib_std,vib_max,vib_p95,vib_slope,pwr_mean,pwr_std,pwr_max,pwr_p95,pwr_slope,rpm_mean,rpm_std,feed_mean,feed_std,rpm_cmd,feed_cmd,severity,label
0.27875182698157697,0.036755267525340016,0.33284865350037535,0.33208942173820444,0.0008132645956566466,1.763691091812441,0.2722600598972347,2.0523718728993834,2.0471055378701557,0.026982823218726304,9511.650072941982,2843.0349056595346,1083.6514901788705,218.63355198296603,12000.0,1200.0,1.115858797138539,OK
0.30858434427518194,0.035686317767234875,0.3615114418274314,0.3566681397233096,0.0004822892251229073,1.9448067726342166,0.31132561792282576,2.245124855955972,2.223477538244114,0.028786167400033185,9544.098850889235,2859.649145238357,722.7713892158145,145.79523346670157,12000.0,800.0,1.3569574287262416,WARNING
0.25237150804500186,0.036323391103313785,0.3096757295585208,0.30164845746344593,0.0005361310029219406,1.6968017728048645,0.2569334447665675,2.0118362103290357,1.9446149460889224,0.02480087031213642,9572.312837284539,2855.4109417913905,720.425944712454,145.66209684634381,12000.0,800.0,1.0703837487342969,OK
0.41357892941440744,0.04045424395187783,0.4736484471862249,0.47170743640163226,0.0016962938440074704,1.6809666649655093,0.23511717396155407,1.9325098385386912,1.9096769133770661,0.02253065138576414,6337.042042020094,1894.444763008325,2168.2587371421596,437.51565702395806,8000.0,2400.0,1.5182860644769658,FAULT
0.3670611911703122,0.03735850235609107,0.434844851742846,0.4243595228265483,0.0009572065503695549,2.2041968503055562,0.4019225013135813,2.6310655846974402,2.5795684667555014,0.03769961071318899,11182.974937748757,3376.399550705047,1443.1953035598542,291.5104882040698,14000.0,1600.0,1.478946940984362,FAULT
0.27319929450854746,0.03842154075207123,0.32918076093034115,0.32892075495151385,0.0014264001121734916,1.692626042785953,0.26082683318541106,1.9779122431767941,1.9375611937280337,0.024729675280272628,11041.653973095365,3306.0827567267884,1799.3603719921473,367.5165551457693,14000.0,2000.0,0.9061658199316228,OK
0.40225374559958654,0.038729800846082504,0.46152033551010285,0.45775343396353185,0.0013519153742797727,1.682451231891318,0.2413195344461821,1.9732367161796847,1.9263931905639544,0.022048348757063702,6327.942603657583,1893.3697528232608,1806.9747585941097,363.00046858453675,8000.0,2000.0,1.550839242445782,FAULT
0.2960610069271375,0.03687798027130201,0.3553409211883833,0.3535733385517103,0.0007052449293622409,1.570952360378301,0.20256239569383933,1.8268685224386572,1.784787378140995,0.017628877991857524,6366.012660674388,1892.2872168137346,720.3334668218871,146.45802243825867,8000.0,800.0,1.2901116702015576,WARNING
0.2574916236418494,0.03639789560716653,0.3140318256678251,0.30996680589937997,0.000455148500656518,1.885052014552941,0.30244662438881825,2.18531490119391,2.1668824953125925,0.02864316926965803,11102.577899962464,3333.9378652407095,722.9332706057158,146.01293772689192,14000.0,800.0,1.097559995687704,OK
0.34692390966403985,0.038325179230235755,0.40914911044014823,0.39890345530829396,0.0012751858427359707,1.7557796161688362,0.27480201429778134,2.0993202038526575,2.079372054447937,0.02643432248932443,7916.406768833026,2327.1976124841935,1436.1626737486902,290.33170145198955,10000.0,1600.0,1.3633602581986697,WARNING
0.3802715544903439,0.040673539639000264,0.4382185333643975,0.43727133502575033,0.0017227463244959978,2.121068404071353,0.36952498146938617,2.495834560574141,2.4616488297370096,0.03360900348287688,11104.200636171217,3312.843083278348,2164.95419923401,437.6706236331524,14000.0,2400.0,1.3565697128691059,WARNING
0.3685259899887008,0.03820525202546468,0.4241617490756322,0.4218181498401561,0.0010613732099074315,1.8479174836535355,0.2672331725495111,2.123152623643013,2.1056478026421863,0.02573808582368238,7910.401035974617,2365.2978991719256,1444.1423588048715,291.08964691466144,10000.0,1600.0,1.474997365700427,FAULT
0.22407346596624755,0.03634981021934521,0.275564535725182,0.2733782685914452,0.0005415216928953766,1.5927417201809309,0.2167056155729228,1.8403916721781712,1.7913723249460465,0.01918859838652034,9525.421571668645,2859.591315643189,721.5478550950431,144.88953964140487,12000.0,800.0,0.9307904642954901,OK
0.35149524073797656,0.037985332687675864,0.4086888465885377,0.4056330078482835,0.0011219224765145613,2.1330803058702665,0.38416662009395774,2.514143587536475,2.495292161227776,0.0369707860895955,11103.598241124884,3314.2785557234683,1444.8596623999022,290.424242107691,14000.0,1600.0,1.3883304045369969,WARNING
0.3586668828158187,0.03881666035296758,0.42051871594815277,0.416145415237849,0.0008730989371954405,1.6401312909735883,0.21944148218102277,1.8819377673479682,1.8744551338361122,0.021448951680667253,6343.645677269506,1896.0853976080657,1081.5605981631443,215.86493816184696,8000.0,1200.0,1.5124325597047399,FAULT
0.4023494949269307,0.039958324552031,0.46688083393385893,0.4617782035626816,0.001705692586058203,2.1973239547681684,0.399028974124365,2.601591821460093,2.5546121360771794,0.03836308334366894,11105.794053783726,3323.0669479961375,2160.2724296419656,432.0741285516344,14000.0,2400.0,1.462993730430607,FAULT
0.4057563327053594,0.04066953280505054,0.47171402089265113,0.46482302579505097,0.0014936445913649183,1.9028076282052908,0.30968342382344427,2.24468308545062,2.2120116066020024,0.028916670314821293,7893.785932165805,2354.6759280146794,1792.1600971872901,358.73606599213883,10000.0,2000.0,1.5694543457572183,FAULT
0.32498050627729735,0.036805021622710675,0.3854040204620826,0.37720630196151334,0.0011627536159798052,1.8503719933511311,0.2859865317547056,2.225802301972601,2.1418279288682385,0.026884975546130414,9497.02166516591,2818.350554753619,1438.5170880249334,288.07904414024904,12000.0,1600.0,1.2551686678738996,WARNING
0.27398152102082346,0.041408089738261086,0.34131997415983933,0.33543720450657066,0.0016596662642639197,1.4214638387439424,0.16485786190438595,1.6464079175852537,1.6059062598066092,0.014074347311587637,7914.921776155448,2403.5903340198392,2177.858751078217,443.40663928591715,10000.0,2400.0,0.8232343754221687,OK
0.3470618600522107,0.03309568407349121,0.39950621403269376,0.39427239954597626,0.0007213824263324015,2.1962724174370725,0.36907495143328806,2.635842140824072,2.571705685879827,0.03537927371822624,11075.60066500351,3310.908979370207,1083.581254457545,223.41481297601246,14000.0,1200.0,1.4599926509232137,FAULT
0.2811249319316144,0.04020710718077481,0.34632863029051747,0.33838266013274987,0.0009257711762548557,1.421543933351506,0.15834648498347934,1.613344324901507,1.5990884340279852,0.013638522066540674,6348.409756108648,1932.955887957013,1445.258618607016,295.32578433320765,8000.0,1600.0,1.0435917630703597,OK
0.30858103057933933,0.03761042903017604,0.3654312273335201,0.36284135141836393,0.0010880320391882946,1.5215825058473664,0.19125771336148076,1.7205835242239256,1.7024448302340822,0.016763462049769674,6340.8891112941,1901.385437056629,1446.021902112684,292.5123074805664,8000.0,1600.0,1.174251015460313,WARNING
0.2781016598771427,0.03664337405935134,0.3323967489250052,0.33072634361541864,0.0008143694952608998,1.6337346916530902,0.21753414126262588,1.864202964910926,1.8460359697411926,0.02087637769317279,7927.664951771133,2371.0235510280936,1083.9079715014393,218.56882838170128,10000.0,1200.0,1.1127488465737898,OK
0.3878845032871026,0.04225040501051205,0.4539288492933115,0.45205272623640336,0.002180402690690745,1.7855452824251024,0.26062239595098885,2.0768714334772738,2.0341681286762245,0.024626737139673296,7929.088443297324,2349.8011015766742,2162.8980283846163,441.3084986457227,10000.0,2400.0,1.3830036537278456,WARNING
0.2867763467424346,0.037821636315468116,0.35129727700161817,0.3397246742827792,0.0010279345578073549,1.4418136773539552,0.15502033297169532,1.6262612059051427,1.6162820085257765,0.012882671849645014,6346.948569889226,1882.287683120455,1452.2118779722075,293.35455727445327,8000.0,1600.0,1.0707600273166946,OK
0.2955479027878673,0.04054220170410275,0.35567109345111775,0.3540590679502718,0.0016839897003440559,1.3716752203389342,0.13389918820566163,1.5485375307656128,1.5262835569930253,0.011398419556688529,6340.295486948687,1895.5647913720072,2167.3242187693295,436.9846067580529,8000.0,2400.0,0.9290441578915956,OK
0.24435270104876236,0.03955180915477304,0.31074118210127355,0.30450632463876914,0.0012608707467026868,1.5763771196383918,0.20347329054615637,1.841733155632964,1.8159156472759568,0.01857089488121722,9553.639499816403,2862.104481368332,1435.5811758554,293.84666814779985,12000.0,1600.0,0.8545166618806569,OK
0.32465780200511246,0.03727220598639276,0.38195703101884343,0.37506834787052,0.0011060102638066971,2.01632439467829,0.34223717922681585,2.380931479851084,2.343991016935602,0.03309782700017677,11079.116431174956,3296.6790702753788,1445.9086791090226,291.8193041656183,14000.0,1600.0,1.2615673753197478,WARNING
0.3401081411949384,0.039154263926709704,0.4094596892421055,0.4081341680410382,0.0013158209264845476,1.5960368140311423,0.21693107117352434,1.8930523368333556,1.835449542014587,0.020272667067605457,6377.975070949723,1890.8004259584718,1446.2390303659708,296.74606013064465,8000.0,1600.0,1.3261012737067934,WARNING
0.3962838712214704,0.04131293659550913,0.46080267857173896,0.45471308935888044,0.0017256711002874802,1.9800161609135942,0.3159137637932511,2.32117923261655,2.2636851032909204,0.02970452325741209,9496.396420933774,2836.4773327012867,2176.5812600745376,440.0036746507883,12000.0,2400.0,1.4310951515734185,FAULT
0.29606517293686574,0.03835732164878846,0.3585926671934166,0.35444441769087903,0.0012645107478786376,1.7433591428717958,0.24907451403079411,2.0436344577727668,2.008610776865802,0.024208481105081454,9577.691356251877,2901.939169024226,1452.281414882553,297.6437843316334,12000.0,1600.0,1.1096954501254372,OK
0.20539320456871923,0.03516246143606039,0.26665871852409273,0.25935017347789663,0.0005463798978576132,1.6410279433197437,0.21402018708963433,1.9426269956222848,1.919290864531939,0.020377225412578175,11090.924914733869,3351.85212516024,722.8464479936542,144.69801225252283,14000.0,800.0,0.8370643362349947,OK
0.24084794416990632,0.03660093875557084,0.2952735578709527,0.2934386685473681,0.0008345257991484181,1.470899333682196,0.18658695958669586,1.7187426464999294,1.7088060833540417,0.018198141285068498,7930.67064187537,2377.430745725222,1083.3356302975178,218.22009281904448,10000.0,1200.0,0.9265323469142214,OK
0.2824666909279075,0.03593353145755699,0.3370143851259473,0.3328775585958078,0.00048731433661990375,1.6776566682726857,0.214767938507631,1.940218992250566,1.8944909324110157,0.019966076803820006,7920.622755591699,2367.6560446716476,722.9599767423776,146.02991936680846,10000.0,800.0,1.2254623251745478,WARNING
0.3555416397471794,0.037455729812073416,0.4192104046970221,0.4153287644050133,0.0013152999158147596,1.9640958366776002,0.3145455022304978,2.2999487960032545,2.2771742287878824,0.029409067422520415,9512.506084655057,2854.567266689301,1447.0022809059194,298.1719021541577,12000.0,1600.0,1.4091732030180368,FAULT
0.27517178026152145,0.040478589785752604,0.3424729507560951,0.3355088007838993,0.0012849680133782805,1.3948312700269077,0.16009529548364845,1.6460530256475587,1.5744929065318747,0.014608361345778177,6314.0604633727025,1886.3134055759242,1436.0851079065278,288.7190817335307,8000.0,1600.0,1.0031393694467665,OK
0.27655365706543317,0.040414425990380816,0.3424785262034315,0.3394380714393417,0.001815643313974115,1.318435543102285,0.13751579926147725,1.4922228719023594,1.4709708995004644,0.012021765095868794,6333.342844366472,1910.997399584921,2171.172116324658,441.68084567164675,8000.0,2400.0,0.8337549844483984,OK
0.3518977426238084,0.03645017077857095,0.4071958212245357,0.40405504442447576,0.0005256513137260531,1.700803088575824,0.24144940018085606,1.9904385186040696,1.9488435680249545,0.023061192974764732,6341.854786427917,1893.7454251846734,722.6056254640794,146.35394692967364,8000.0,800.0,1.5682929989421657,FAULT
0.3336661013794814,0.03805104270761669,0.38839611991816564,0.38728470688685956,0.0005826928301877892,2.15124900763776,0.3705144275479667,2.572878955926876,2.5315817335360085,0.03574612828661465,11028.720749712658,3303.438993660861,1083.7924690953628,216.81830541768048,14000.0,1200.0,1.3965095323608137,WARNING
0.3717133653981547,0.03889573979783991,0.4369533285333155,0.42564200049418977,0.0014126509756633514,1.7880899876333118,0.2705348520841039,2.0912265274728195,2.05278299988107,0.026579277550810795,7914.817268198331,2371.5700160381125,1807.6914940047134,364.37143342530004,10000.0,2000.0,1.402007919670224,FAULT
0.26846875718884633,0.03741961287206428,0.3262276705733589,0.32580781538732534,0.0009423382030453615,1.4316424051318226,0.18600655793726137,1.6786635131697571,1.642225489176392,0.016494277956918706,6348.327411181482,1904.3904820449384,1084.6932646102082,218.60418038413678,8000.0,1200.0,1.064085389551088,OK
0.24959675490816924,0.03579546496520701,0.3008540978088161,0.2997571157936424,0.0004342901777965185,1.4578735530002125,0.18163895586707393,1.6747927263927935,1.6436595390453008,0.016512164070196858,6333.253932343945,1892.3497637669584,723.2313709728254,146.36599808453616,8000.0,800.0,1.0627930595357986,OK
0.24387607716195014,0.03598640566107532,0.29834189217158974,0.29600132344505353,0.0007977565297550132,1.5049761494199163,0.19399057576842488,1.7370322000344216,1.72469683263896,0.01807696281691602,7902.8478302224785,2366.5629463635514,1081.2255784574384,219.76086302950984,10000.0,1200.0,0.9416656294107747,OK
0.3556250257793988,0.04027210507813571,0.41618986053679174,0.41348405362551366,0.0016613739298207016,2.006747231263804,0.3275982752495471,2.3078575002144626,2.301714637671588,0.03137769090055321,11096.098950502472,3315.558969559178,2168.253858489083,437.0036861890489,14000.0,2400.0,1.2307723050713184,WARNING
0.25102313176266217,0.036568196934146716,0.31906879489804946,0.30752150162727654,0.001274737179857296,1.582827552979723,0.21701917341725685,1.885021769595773,1.8458595029026261,0.020263881837313296,9519.27904432512,2859.34088623944,1442.5689086949437,289.6252530499852,12000.0,1600.0,0.8784565934156043,OK
0.3820413435969442,0.038932321683954066,0.44015699982525647,0.4385940928771212,0.0013948438984295118,1.6423921715490744,0.21655547920882454,1.9014975672881549,1.8838599369118099,0.020032904780362678,6342.315565148647,1896.8594847332238,1806.4842023726912,364.31383275940834,8000.0,2000.0,1.451796196613509,FAULT
0.33720572050845515,0.03917792238279369,0.3959525488041539,0.3930610635527151,0.0013999947316830307,1.6860947268038404,0.23594668819441764,1.9606126806605688,1.9396351638774925,0.0211112471951875,7922.350327213306,2372.518154573436,1805.801542960304,364.63686934320174,10000.0,2000.0,1.2277520236537143,WARNING
0.3910709950582781,0.037579497536845634,0.4480100933371908,0.4456236730270159,0.0011198773535227864,1.705065592476817,0.25989987113297164,1.9690331678206319,1.9593073556535852,0.023678475946105275,6342.418958192497,1897.2303547591994,1444.5426646840724,291.1009087438103,8000.0,1600.0,1.5879261759748176,FAULT
0.382817580408754,0.03559618383005443,0.4367759823084392,0.4346679651327011,0.0013127340364439367,2.2694141964453394,0.43255182852991153,2.701883129293347,2.6711638641271334,0.041574775992562686,11125.736028611786,3360.2693171116875,1446.0766713499045,288.40920410753887,14000.0,1600.0,1.5416982188806345,FAULT
0.21596352181532297,0.03654120550003502,0.27841197609314305,0.2645332131692328,0.0008883504298738695,1.5037483422382818,0.18734444256405833,1.7760236711685877,1.696398991066284,0.017743794249093253,9539.23309923495,2818.4248278397795,1084.601786450545,218.5171869349224,12000.0,1200.0,0.8069644021204736,OK
0.2099314905296259,0.03685078038553991,0.2665295369086076,0.2620941346994614,0.000613571435871702,1.5730094685582885,0.2036370022416356,1.7812821779038457,1.773828175583808,0.017619797072056124,9499.609499063852,2838.711121589447,723.3232935490701,147.8618795388337,12000.0,800.0,0.8640130171538096,OK
0.28425597146777654,0.040931027680181975,0.350181160458137,0.34854723965973455,0.0017454622432918543,1.3470859541847815,0.15527254811164307,1.5551240511641633,1.5328313467938737,0.013830389041000648,6368.965137669764,1933.9281959839298,2168.595165023217,434.5512536450481,8000.0,2400.0,0.8709768700852725,OK
0.21209098489628525,0.03595046428327991,0.27239722476871275,0.2651035533364383,0.0005306399963326814,1.3392575625011727,0.1376214363865114,1.5540199461730235,1.5006243064348612,0.01088261280288132,6368.11616666216,1896.7521153143502,727.4488092479799,148.0436946056615,8000.0,800.0,0.8699230671212741,OK
0.3352586370172599,0.039331915289145467,0.39428809501192413,0.39264984519617174,0.0014047267061787511,1.8211394201783553,0.2842958001283576,2.122898421204815,2.1097666355438625,0.027764024038348344,9513.661752468899,2843.453578371618,1806.9576812536159,365.3114113556656,12000.0,2000.0,1.2179146222914232,WARNING
0.3031885807304256,0.040662740737421176,0.3647736854576722,0.36239294406754763,0.0016957931389290084,1.6421811945019595,0.23733221654137784,1.8932844872606773,1.8828153975632185,0.022245265152952512,9505.94369705576,2847.667851902045,2169.49370210892,438.5131339165571,12000.0,2400.0,0.9670905459233909,OK
0.28765927318626333,0.038926487842433126,0.34563120555199545,0.344240071952457,0.0013939761247390413,1.3988553623210935,0.16101679522197093,1.6024534219416966,1.5601540884485843,0.014678961344818152,6343.05289247402,1897.7822005849646,1806.5180701102943,364.2767679735972,8000.0,2000.0,0.97982485187777,OK
0.3679171874934616,0.04038014724498376,0.43706810461731327,0.4257490285965181,0.001785071439030566,1.8741587902092431,0.3032242958432805,2.2380733246415807,2.1817231081514223,0.02985150786561633,9551.881358625587,2876.836111164455,2172.574971518926,441.1011509289875,12000.0,2400.0,1.2849188012226866,WARNING
0.40305388038618545,0.03982667730297627,0.47917720451716744,0.46550814935828555,0.0017186745529349688,1.705423046043643,0.2403080040970086,1.9515714038292264,1.93447036884766,0.023101663178578626,6356.653828594694,1878.94992022352,1810.6932291018516,370.4254553950791,8000.0,2000.0,1.5608236512619569,FAULT
0.28726959976977906,0.03884354285174373,0.34464365864651625,0.3431447366786169,0.00137658795880922,1.5381289421754494,0.1844943822941436,1.745175800500172,1.7349612535025836,0.016801631528553036,7921.281662163939,2364.1777358643044,1806.4878567999758,363.59327799128795,10000.0,2000.0,0.9764979617836138,OK
0.22755623772412367,0.036311521492093275,0.2841910602833727,0.278078153732392,0.0005008550776070877,1.7329433657883306,0.24650609406277665,2.0291834618255127,1.9746914453647209,0.02295392237983281,11078.946483643893,3285.0662056227234,722.8050170716309,146.26773102618208,14000.0,800.0,0.9460803205605337,OK
0.3328765351320204,0.03691886498627185,0.387414939840153,0.3857585670434386,0.000787997828291144,1.602901331400342,0.2212108939879857,1.8735746331943692,1.8276501618966956,0.021559715952667906,6340.5330386969745,1890.8001547110316,1083.668414607217,217.8793954006586,8000.0,1200.0,1.386927179632168,WARNING
0.3531978875926865,0.03586473329833533,0.4067223358044282,0.4049456548350421,0.0005546124616736804,1.6966629398423867,0.26123678184412447,1.940411396963468,1.939641035193948,0.024070589376401684,6345.180936754089,1896.062563035991,722.7028603153748,145.56263364424348,8000.0,800.0,1.5784473623230528,FAULT
0.27288556395249736,0.03762883914189052,0.3345655030022775,0.3302070617557201,0.0006220903238495158,1.9521376667067842,0.3357070557524583,2.2749404030331073,2.2426836440986504,0.031017368340018593,11046.255420011013,3258.986607440018,727.9048651720775,148.17546745425906,14000.0,800.0,1.1735835141380073,WARNING
0.29911327911389657,0.04107352559303163,0.3613641224098027,0.3595879338745718,0.0017349738398712493,1.6025762019734324,0.2347715864748635,1.8468670662562245,1.8189518907373445,0.02278647139409045,9523.988634664565,2857.640275321631,2160.7968737700353,436.0519622969583,12000.0,2400.0,0.9473535606014799,OK
0.29567142453539186,0.03664833120181395,0.3573142445870097,0.3473095924716561,0.0009051272118307951,1.9644060460658843,0.3103399311119124,2.2970736007690427,2.2586954071394074,0.02869251765330604,11111.888380423406,3328.4762996073114,1084.5800919588878,218.1551695130344,14000.0,1200.0,1.2034158946588422,WARNING
0.3732081969328019,0.04278004617667944,0.4421406744219158,0.4400046205048602,0.0019292833734698611,2.067454045534616,0.36181530166469417,2.4269335159428533,2.3918180161648808,0.03382081438945021,11106.681468102403,3311.573242901904,2154.8446267885292,432.1066375645925,14000.0,2400.0,1.3213152498743541,WARNING
0.3748058648561814,0.041831932135150116,0.43365900024239346,0.4300141167689349,0.001898192680782041,2.089386680990265,0.3580099309928126,2.4217441694122344,2.386617322368134,0.03295699505715359,11140.847684113189,3310.958779729282,2175.1980270050913,436.51661178528514,14000.0,2400.0,1.3283606022650405,WARNING
0.32439441588525236,0.04116212081393468,0.39540111151841323,0.3815571948492875,0.001738270150578703,1.5864190830558316,0.22318351649326287,1.8292687525565963,1.8065419386175718,0.021928467344661234,7931.0967043203,2360.9534189744863,2157.4666507321963,435.16286999244664,10000.0,2400.0,1.07400984052946,OK
0.34267402451358225,0.03620693433488859,0.39632289579686353,0.39223906273074766,0.0004919667280439146,1.6639404146300214,0.24046950735864073,1.9469437021542273,1.9200908364032694,0.022761623746991633,6341.009736011625,1895.1964544889815,722.537217333997,145.7877554923359,8000.0,800.0,1.5262165739312066,FAULT
0.23922287833014025,0.036023475706073435,0.3017949279164848,0.2879515658806959,0.0007393931399949957,1.3852792567208234,0.15220837226705486,1.5812262829704788,1.5650471019832013,0.012959647703944333,6360.723042935416,1928.3263096846683,1083.0511562581519,217.23925917558773,8000.0,1200.0,0.9161599172204604,OK
0.34796311926881185,0.03873954642986301,0.40593499223075497,0.40491450386492434,0.0014130000105134308,1.7207525031763922,0.2475280432606738,2.010870145579238,1.9778400787327466,0.023290913726170842,7921.290686075523,2367.3892300503167,1807.4611004197081,364.0105419589995,10000.0,2000.0,1.2839014611456596,WARNING
0.26476473928377087,0.03539921437911486,0.3167375836157399,0.3144469720069422,0.00045833179897591573,1.6045654949104402,0.21766308025669537,1.8841615697091696,1.8489329174969404,0.019730937803923543,7901.3878359198325,2352.823729794713,724.2300591726737,146.60361378043137,10000.0,800.0,1.136326828731921,OK
0.27430205907713295,0.04032168432170113,0.336752663434969,0.3338995233318799,0.0017435634627705847,1.5183492762160946,0.18426777816016696,1.7291384669167227,1.6902641285046567,0.017113092003922886,9516.468573896078,2830.3113136754314,2167.4785203244073,441.17822787589114,12000.0,2400.0,0.8217522618428234,OK
0.38838963161621964,0.04210957336963589,0.45751755958487617,0.4501453808161022,0.001281563616844811,1.8315662489693347,0.288678566695814,2.1484040380153906,2.1322760814320496,0.026258203982295187,7954.052098993871,2374.656007109854,1808.6771575933255,370.7566257531907,10000.0,2000.0,1.4719459303833187,FAULT
0.3007716234785337,0.04049920256175846,0.36315698703816834,0.3588623708710523,0.0016562413150063824,1.7368115227216068,0.25321417284165915,2.0430916538161727,2.008647348894696,0.024103908583096866,11125.868992424204,3334.1592668562616,2174.7322235438055,439.80856208957334,14000.0,2400.0,0.9488237648760591,OK
0.28998114782073914,0.03549396856297514,0.3414819597684084,0.3385650570943881,0.0007947275999524694,1.6443444928001698,0.25213226246404985,1.948776451470697,1.9084147109562466,0.02403365926959126,7956.0393420698765,2376.8670277271917,1080.9272243607807,216.98260981504586,10000.0,1200.0,1.1727710012895716,WARNING
0.25805469025885447,0.0362926928388742,0.3180235583091268,0.30918547174879896,0.0007801244006728438,1.4144865371821906,0.1603583537030413,1.638310199756278,1.6034955656788643,0.014938490325704408,6367.21670983055,1895.9274111776097,1086.0705098633077,218.17073926999478,8000.0,1200.0,1.0135798405780572,OK
0.30808582687435077,0.037508963852287615,0.3673410538806131,0.36564869181489956,0.0011138075670237492,1.516647352027263,0.1964591937761214,1.738707560940996,1.7230293992601788,0.017810259474935818,6338.674825285048,1895.890446527269,1440.1426729146713,290.6351399115396,8000.0,1600.0,1.1668845604339864,WARNING
0.2827924071600492,0.038183027656860075,0.3367059247539581,0.3354102589547823,0.0006937985351610571,1.6099642681436583,0.2289025624976418,1.8325299527774708,1.824499031797701,0.020693928997192825,7907.8996680568625,2347.57999637936,1083.5017884865194,221.16190146349658,10000.0,1200.0,1.1377826268579447,OK
0.25973517574186716,0.03918109480942191,0.3203287150424597,0.31880873856413416,0.001095153734599879,1.346565988833247,0.1763437374597662,1.657226543572493,1.5846889145561223,0.017005134798992363,6331.335853123611,1882.6282814059523,1433.2673544860586,286.0639319973124,8000.0,1600.0,0.9298749056135591,OK
0.3183416958068743,0.039723825862448145,0.3852793257494287,0.37936893390260396,0.0011937385834421006,1.9099643728568052,0.3008947980396867,2.241685820222275,2.229972966370493,0.029001136766275446,11133.831373654024,3344.100890260853,1809.5638382313011,366.0049959856663,14000.0,2000.0,1.1329573614436126,OK
0.35679192129793214,0.0402275760555609,0.42033958814186395,0.415611547311814,0.0017066796312346522,1.997053935639896,0.3315902572226823,2.333785927111601,2.2920397271047372,0.031494575992610685,11111.846593126274,3316.493996003699,2168.9544909434335,436.64758762169976,14000.0,2400.0,1.2334445542682615,WARNING
0.38756723032724566,0.04224155282318616,0.4652311360075138,0.44432748052343274,0.0009796754812068386,1.6585496747573774,0.24486372807307633,1.9552869060974707,1.9234361766990364,0.02401593323763321,6339.280138543459,1940.12043108154,1804.0307739351242,368.55765956118125,8000.0,2000.0,1.4806272924244879,FAULT
0.3970098950740181,0.04108024386664927,0.4586203475819208,0.45629781831508476,0.0017256778528404798,1.6267533242400947,0.23088174495167813,1.8636462262560434,1.850739460323211,0.022502320676778167,6349.248469584363,1910.6523679550162,2170.2189080532817,439.0495736960601,8000.0,2400.0,1.4369032709918939,FAULT
0.33901012419188786,0.0388887561445048,0.3989623300256587,0.3953135731118682,0.001304009117521787,1.6762128317360567,0.2584500609766594,1.975154545518752,1.9366741400319438,0.024323272225419725,7930.027256774482,2358.448101566184,1793.1114757806422,359.28617351910367,10000.0,2000.0,1.242470041253307,WARNING
0.30306347098000946,0.038363002484346466,0.36669375994020925,0.3543781902512071,0.00041268782080664603,2.088614067281468,0.3711443181631531,2.5138748741312353,2.490197122219232,0.036002858292119445,11183.977209116429,3397.4965210434957,720.3858446005938,151.06446227625267,14000.0,800.0,1.3315262429660755,WARNING
0.2851182093627658,0.038813504912534255,0.3477173451393776,0.3414849884163864,0.0011884911459859994,1.6469715447461704,0.24387041264884946,1.9250886973237165,1.8835165962883802,0.023258646622149444,9478.60478091884,2848.359523653723,1788.8058739166033,363.1168818370885,12000.0,2000.0,0.970647720680564,OK
0.3584084778909937,0.03861692751650406,0.4135563346259683,0.4115484804876153,0.0012028777316465354,1.6167859775125208,0.2292137950919948,1.8590217073709265,1.8430892056112784,0.021775383584912947,6346.334362920606,1911.2035190356817,1445.4103863570394,290.5481231505291,8000.0,1600.0,1.4213108734681497,FAULT
0.22232303568425896,0.03422624822773619,0.272161759940438,0.2678607027820424,0.0006227747729816471,1.6049957195245625,0.21013070480490906,1.9073547152748314,1.828084162155621,0.019705918426063125,9534.38640551514,2854.1803873829317,724.3830057032923,148.05442066977852,12000.0,800.0,0.9273871834819225,OK
0.2536061669943005,0.037960963745026305,0.318010348944859,0.3091843474700178,0.0010262213670591354,1.7144088906123873,0.27696387526259997,2.0465393305208246,1.9862778059636472,0.026187771310034587,11051.634684731871,3326.263231289511,1445.6970860162326,295.5647534465029,14000.0,1600.0,0.9092352248646378,OK
0.3295734300481219,0.03795064365237033,0.38410992643468367,0.38116301250989637,0.0010170324692222207,1.8649166714292653,0.2894818208789266,2.2105950608786875,2.1814118171384633,0.026792575015707823,9488.36915108351,2850.1812205614615,1452.637089730137,293.48848447792477,12000.0,1600.0,1.2827688103007209,WARNING
0.3066744261286228,0.03958040112412625,0.3740838192647429,0.3632657212157824,0.0015494712602651575,1.4090020174761875,0.16906725583595272,1.6525591473864687,1.6415529846423325,0.015280474431005001,6392.214436684838,1924.7529147966297,2150.9646752712597,435.35871446074816,8000.0,2400.0,0.9874871456058663,OK
0.32868923335347755,0.04019862257154189,0.3972328485933284,0.38872991274920543,0.0016418791866909972,1.6078403898475044,0.20212847212271373,1.8760354720307846,1.8015385364536565,0.019157119057101483,7939.615136849066,2375.5291613908644,2177.136328404262,429.0596846830305,10000.0,2400.0,1.0946123954438487,OK
0.4007991406688785,0.040025548098480544,0.46319399884166956,0.4578853321835625,0.0016733583117207178,2.001176754155563,0.32217502344737714,2.3373677494581844,2.2986600232309122,0.03017892654434882,9480.455151141763,2821.8945902275586,2168.1092989815843,436.5602762347745,12000.0,2400.0,1.4553039167944342,FAULT
0.30250872259202716,0.03993283900572032,0.3689913943173475,0.3641153263815693,0.0010268730748085964,1.4668883066167309,0.17600279784713743,1.6701293478942016,1.630273923832087,0.015420219385921077,6375.065213980973,1915.1729537018398,1441.1172680375403,291.1135860835406,8000.0,1600.0,1.1462522691766246,OK
0.21772385599511226,0.03520240158559422,0.26904300323401575,0.267020905213219,0.0005446494917167397,1.721931554565624,0.2509949259900226,2.018759796176692,1.9630443191399172,0.024644454079294578,11121.95536616594,3305.0663256209386,721.7512355465832,146.0526348309941,14000.0,800.0,0.9042499739395709,OK
0.22325457520149888,0.0364045432572831,0.2775292868084332,0.27614098862701564,0.0008579156450249045,1.6515702229721103,0.24172444726685804,1.9332177836003583,1.8700326686416047,0.022811944417601367,11095.10119449574,3347.08643773258,1086.9502362042165,220.80935688230835,14000.0,1200.0,0.8413463074044081,OK
0.33421841977748,0.03515705718433246,0.393899031224837,0.3872246724574499,0.0005304368086754003,2.0222172481089222,0.33544841313809287,2.457103300304261,2.3581785937596904,0.03156031824122338,9549.029412292235,2872.4577785116658,720.6353929559201,144.4353805624159,12000.0,800.0,1.4747510094390783,FAULT
0.3468998822484885,0.03618817852742797,0.39860462106182676,0.39529420401411963,0.0007400633220886456,2.2029772073430967,0.4099300307674503,2.588349579277446,2.5577011879279086,0.0385090635943334,11106.866233016353,3318.438583341999,1083.4750413320871,219.60569031060936,14000.0,1200.0,1.4516101498688267,FAULT
0.3529026855055258,0.039200520343807915,0.41851050510418675,0.416580660523966,0.001196191100771756,1.8916578319425739,0.31965206342390157,2.2717328070794056,2.237414512979332,0.03000811293141158,9618.282396552422,2852.163184048999,1812.4934371884806,375.65953575913784,12000.0,2000.0,1.3101076314156228,WARNING
0.23561476921241425,0.038507362354778134,0.2943712775536276,0.2889713811286746,0.0007929398584472408,1.397273617429024,0.1538698369046257,1.5937027319619161,1.5649918837080852,0.012617897376581174,6344.437113300707,1877.242105572763,1084.7326804815123,217.9326373018564,8000.0,1200.0,0.9007348686975849,OK
0.33032685266982614,0.03623146124388594,0.38361202375889547,0.3813009436350765,0.0005216154751908028,2.031336173462975,0.33146618364614255,2.330042180186043,2.321194001685093,0.03159553586218053,9499.509622707528,2840.6808102695386,722.484633281417,145.20493784178782,12000.0,800.0,1.462938799336552,FAULT
0.3044741597453588,0.040467506701081124,0.3705879582991995,0.3600226884729303,0.00166630152449414,1.520964052582424,0.2078056097864807,1.7302280730540662,1.7154451176706846,0.018401836429715213,7918.235447896718,2368.966928113174,2169.170098178494,439.0751294174121,10000.0,2400.0,0.9756496249884924,OK
0.35691262231784937,0.03804299979243782,0.4170157037840785,0.41287766180380137,0.0010375368740548248,1.8433404946576755,0.31208599760973,2.194882836952679,2.156217691752586,0.02969646758595918,7964.134542968849,2369.7464703524147,1090.1974109422672,221.0809421226599,10000.0,1200.0,1.5045977705168139,FAULT
0.25365218535196626,0.03771949781559874,0.3122668247518695,0.311622329790107,0.0012630009693186091,1.5878150818955794,0.22303280697205863,1.8337868771448724,1.8099106251194788,0.020541511459297807,9555.867354906544,2857.6783890125785,1442.1369507265501,287.0238717624314,12000.0,1600.0,0.8986034074660543,OK
0.39298741947231264,0.03776400651026961,0.45191228148748175,0.446092020234007,0.0009912400961177286,2.1197978931617723,0.36775128399363166,2.46692285576293,2.454673258933086,0.0347222706353478,9517.02339203896,2867.5294910132807,1445.8682320158898,292.1220397275353,12000.0,1600.0,1.5993177196801536,FAULT
0.33903708336926563,0.037693694477491484,0.3963281142378063,0.39376571802572535,0.0011161090818799413,1.7464736370085747,0.27326933019972294,2.0379153708042907,1.9944420605525408,0.026220860931248948,7925.379906320059,2369.076214027152,1445.168657225361,291.5438490735998,10000.0,1600.0,1.3265735819728923,WARNING
0.3164448340220782,0.038953795735540364,0.3745516524508499,0.37297155116490777,0.0013976995320593177,1.612786751785987,0.21966163924611973,1.8546348457369763,1.839357030050847,0.0199854014527344,7928.438379428523,2371.055221170681,1806.4657540327942,364.33232034046677,10000.0,2000.0,1.1237382730570598,OK
0.213899758036723,0.03591567986612787,0.26282520235457907,0.25968712428405794,0.0002964409167187848,1.5635790292081835,0.21792927049424038,1.8190784521196621,1.7826713513506716,0.020085795200339034,9503.25166179322,2846.9931115817453,724.7064022031495,145.5806121110391,12000.0,800.0,0.8842335918397773,OK
0.3893572017911916,0.03789619350613768,0.44629380416571046,0.4415290513789173,0.0010218688554937537,2.1022648858229744,0.37667554808535814,2.47478468284837,2.4447790171492825,0.03612410488726562,9517.254110919794,2841.498104970336,1443.8754723143275,290.3694243112607,12000.0,1600.0,1.5780838945901159,FAULT
0.365834983797607,0.03763999573006622,0.4221135278813894,0.4204777781834742,0.0011056976662426688,2.2050380594155685,0.3872780691123127,2.5991747370114644,2.5656634268756977,0.03706279373489729,11099.151134673513,3319.6737367731766,1445.1855947004542,291.47668092666237,14000.0,1600.0,1.4610961591141665,FAULT
0.3660608018626158,0.036680097278616576,0.4202483029317261,0.4190181032221034,0.0008178713495839937,2.094864026277582,0.3579698261345929,2.4674737165504026,2.454085952444925,0.03452393888678936,9513.363427263745,2845.1469784366955,1083.9817677003327,218.59964086758313,12000.0,1200.0,1.5523824926173124,FAULT
0.352228107268563,0.03693222421999075,0.42332042054885716,0.40809144365496053,0.0010202279998598016,1.7931709316479105,0.28253738893001373,2.0957959882745536,2.0807640130311373,0.02694853806407836,7836.442128977903,2337.053054266566,1431.152202637321,294.2619424932013,10000.0,1600.0,1.387941554745474,WARNING
0.34493006559360495,0.0359329726086672,0.402861207919161,0.4001147907001208,0.0004393828836709621,1.8801488134933921,0.2950060036071685,2.215991504290012,2.1816556776938354,0.02734400590311568,7969.9171504991655,2412.2844030990673,723.1058076472393,146.07558347850974,10000.0,800.0,1.528825573004806,FAULT
0.29003598253946833,0.04029145822040642,0.3549118258173798,0.3473485639028518,0.001104787618277631,1.5277876282993745,0.19971689914670082,1.7581381087720167,1.734570777688889,0.017730229722842227,7984.778892907647,2414.133478420714,1805.7370639763235,364.136172427573,10000.0,2000.0,0.9886847440652836,OK
0.28480746552808456,0.04144140139920925,0.349087218267731,0.34493072448306394,0.0016675029160039072,1.5632272267855334,0.21234193457574846,1.8498887960508161,1.7858788176468243,0.018632025258553463,9473.300809342425,2822.4425102577934,2177.135191847322,444.257222086044,12000.0,2400.0,0.8668471070771949,OK
0.3577970252882042,0.03804795074160492,0.4181037341422084,0.4127663064403794,0.0007124727998388089,1.6642581871267512,0.23942387477727245,1.9532859777855252,1.9077850855755876,0.022011939103117297,6348.864693731503,1901.258323497655,1087.632928183411,220.42836767197224,8000.0,1200.0,1.5121275988479657,FAULT
0.3153112563935427,0.03670544685897086,0.3787476756042036,0.36766783663573976,0.00020923106781918719,1.798667945366419,0.27157413260299257,2.1860306693301355,2.0711248227974526,0.025541322973688836,7938.691741895809,2411.665297128553,726.4663150681765,150.0555933643946,10000.0,800.0,1.3972759439239677,WARNING
0.26708850749080276,0.03628794371036852,0.3195137684040602,0.3181374410482763,0.0005206903676454116,1.916116999287729,0.3182002314671847,2.223590176459605,2.1964269687565174,0.030075839262338866,11098.25586048997,3324.7234955947774,722.1791922886837,145.66106760422414,14000.0,800.0,1.1465284348485711,OK
0.2199058497972361,0.03750495363415582,0.2798604730191112,0.2763060393193833,0.0006785065395954727,1.4714334235033426,0.17329415134688522,1.7003986499429278,1.650016484280856,0.01604331485660117,7940.791811316082,2386.82104024743,723.2863488487974,147.16056248292202,10000.0,800.0,0.908510857756088,OK
0.2728679162043439,0.036635064268480344,0.3261302890739214,0.32463394666494155,0.0008325002738093913,1.4636067385195097,0.18796950512515118,1.6841065978788894,1.672406199698865,0.018119649652248843,6344.265103397139,1898.3006876438528,1084.6403560869867,219.72610245858277,8000.0,1200.0,1.0871748189973915,OK
0.3007359245066978,0.03702450606163834,0.3570425171491021,0.35518669011691106,0.0008724733700596833,1.993930391663935,0.3403745378962161,2.358068166192727,2.3201932987982126,0.032444628886249396,11077.093388301711,3320.097618851242,1082.9865565894881,219.23089006702727,14000.0,1200.0,1.2248524242626688,WARNING
0.3445167305448346,0.039098403517862694,0.40443034803524597,0.3998525551507489,0.001363715336673096,1.534996582305774,0.19855491228203725,1.8052625978402939,1.758057253995743,0.018203404279453942,6347.4810514355395,1898.4521862169076,1806.321528380179,365.04049386808015,8000.0,2000.0,1.2645342386398286,WARNING
0.25426861677615825,0.035712910883862026,0.3099330338535722,0.30401216279138027,0.00039216617964268804,1.8775615371862127,0.3174052719797122,2.2048819372724635,2.1746047298898032,0.03051073010173814,11030.935724648902,3330.0780612555513,724.4510227718472,147.9400241690972,14000.0,800.0,1.0924418630370978,OK
0.29247583742177996,0.037475628870897705,0.3496027425331745,0.3486196160364483,0.0006435519532716501,2.0278530723664696,0.3428392087755458,2.364727414525206,2.3409650033254357,0.03293735249521386,11074.271729858167,3309.5441164644626,723.5707137328204,147.27469880033286,14000.0,800.0,1.2760818222822887,WARNING
0.2667696522755881,0.03721516363790463,0.3281082159687316,0.320875560670872,0.000835863583028157,1.4229850561500774,0.15635444534178577,1.687622096975921,1.604213848254902,0.01423840076225435,6297.03966077213,1884.9703117505571,1085.2200787829106,221.02881076059344,8000.0,1200.0,1.0557838272218618,OK
0.3093962852081024,0.039908768109532186,0.3647609530435546,0.36047050887261173,0.0009888337687715917,1.7947428538343277,0.2512681995718596,2.1125282267694825,2.059171633314671,0.023850154522490813,9461.57734094844,2810.364211497785,1445.9876199846776,287.2871249469885,12000.0,1600.0,1.1841169098184858,WARNING
0.2705891239440955,0.0411528817292879,0.33827863954988224,0.3306424322956838,0.001617652092687449,1.3092947492418745,0.1265263531979617,1.4925544638341457,1.4767169758868857,0.010943426083596292,6305.401848764252,1884.955631024027,2165.1002161671677,435.15086522210584,8000.0,2400.0,0.801848674749565,OK
0.21129818964530558,0.03592921830739389,0.2688848037321956,0.2612436991008768,0.0006720406299800791,1.6978314868765478,0.21010909969641975,1.9749865779994618,1.9553512996297955,0.018000850714823807,11080.202972804107,3314.7526749523868,717.7654212221126,146.80034835496318,14000.0,800.0,0.8706866057104492,OK
0.39458778537350675,0.04063345835576203,0.46668704055692445,0.4483360925176366,0.001250301935823937,1.8544438201083158,0.2899060652065422,2.210746808545069,2.131144606479417,0.027567956611753108,7963.6087310337125,2395.282389193691,1803.8308308238713,367.731141842298,10000.0,2000.0,1.5096623631530046,FAULT
0.33125148483457684,0.04051895814972635,0.3914092213547934,0.38972802187660804,0.0016927909587894773,1.8845678508161359,0.29585318387271226,2.1472606486982615,2.136768778260767,0.027341602535829554,11098.263183585783,3316.8192610020837,2167.169660210953,437.0620133127551,14000.0,2400.0,1.10693463875481,OK
0.28157234350839133,0.03594159389077432,0.33302155035470726,0.3305548351662986,0.0008909396984893466,1.5567244671763167,0.19708323295915192,1.847393872693103,1.764066201225083,0.01786826763550898,7883.891768101238,2353.261013523515,1448.9819561603701,293.440925504625,10000.0,1600.0,1.042548212319878,OK
0.3847816050097435,0.04143655855452341,0.44502382073183194,0.44442748321897085,0.001483844739061844,2.132680479499838,0.38268227116075587,2.514066458416781,2.464562250713225,0.035874759420398264,11098.094353935736,3329.1270476720415,2165.267191788853,442.2674494120598,14000.0,2400.0,1.378579576909217,WARNING
0.2729278631496565,0.03850251062935379,0.33694109742189665,0.3290340139289809,0.0009450820089987593,1.6727114965697454,0.24984701861207784,2.003968080956533,1.9162612598725486,0.023173483252437545,9509.478220217532,2871.649469952026,1450.9019669028307,295.62533852060136,12000.0,1600.0,0.9902300492590778,OK
0.38813905046072383,0.03780526080369146,0.4560207060430421,0.44245480000831633,0.0009797266985515796,2.0791904367058867,0.3665304245673066,2.4756950863731504,2.4495374521287663,0.03596101561972795,9532.940711175817,2862.4324131977432,1450.9694976716728,293.95331279923005,12000.0,1600.0,1.5752242872884654,FAULT
0.2928027775623282,0.036787793859897236,0.35740722085421006,0.34409824769136316,0.0009998140958819865,1.4525412845504801,0.18543237419069558,1.7342408027076657,1.6817384776896303,0.01715921382051316,6342.888648631127,1894.27777036047,1437.1116561944013,292.4375878133923,8000.0,1600.0,1.096692460257776,OK
0.36440965408269854,0.03963058274668318,0.4283611212384271,0.4207562836330435,0.0013341690809282138,1.9187973924308497,0.30030944032786283,2.1953326543908185,2.1941107992742017,0.028688110037792192,9485.252801265815,2825.142121399351,1806.5943330636437,366.92376436197287,12000.0,2000.0,1.3602769699774524,WARNING
0.25969315578419594,0.03711536772255117,0.3163224329424601,0.3124661097080041,0.000670748458392328,1.4624935926095397,0.167448504892018,1.6878389667096343,1.633173349636712,0.015465455911970525,6322.743754642466,1901.152385173422,720.9819134120561,145.32783338206525,8000.0,800.0,1.110781648783472,OK
0.25678306336715195,0.03692984771291958,0.3120745100893281,0.3092383654812304,0.0008243235308955622,1.399724699144504,0.16130135797886683,1.6084257015747168,1.5711730405940472,0.01391826796585074,6341.85260648844,1903.1572423857897,1081.7626080116977,216.94312007439947,8000.0,1200.0,1.0051889533712588,OK
0.27618929647439255,0.03908826028570027,0.33561180714402344,0.33350916846038725,0.0014055918377643983,1.3694772744765145,0.1546142286097387,1.5497244312551457,1.527329942934299,0.013555650512384923,6350.572069278984,1908.106251954156,1808.1285731382775,363.7933347925334,8000.0,2000.0,0.9228788811025703,OK
0.3925380074325845,0.041593149156001874,0.45956997217688506,0.44999095175500714,0.001682086326176018,1.6078983178538648,0.23285130901027504,1.8752491256910764,1.855212936077491,0.02206321322854884,6365.82138215236,1907.5715166163131,2161.387653209208,432.72596303075585,8000.0,2400.0,1.411241216402259,FAULT
0.3225935742525023,0.042295358173844805,0.391660956716661,0.3853764852282006,0.0015211492251042222,1.7731045124081177,0.28746500467463443,2.1284488297120547,2.0746504967602366,0.026185278048198465,9449.376825518726,2813.7707935196718,1809.8843120001561,368.8897083456031,12000.0,2000.0,1.156789966529207,WARNING
0.3332992547137874,0.03593540928654903,0.3908139988634132,0.3903850231731769,0.0004256349946765765,2.015239418105037,0.33485468496637283,2.411725281523325,2.3264755265436374,0.03142576813935313,9549.849438147463,2893.9558036856074,727.2913919675768,148.06036185104102,12000.0,800.0,1.4835748133074562,FAULT
0.3542918298860548,0.03891252041750891,0.41183739700692323,0.41094660749400924,0.0013661543570793954,1.7390590261191574,0.2516957380311017,2.023512071313134,1.9982064123635082,0.022872670736681592,7933.541254920056,2371.317011412852,1806.9459364790691,365.25503373104465,10000.0,2000.0,1.314387954401389,WARNING
0.3755964544255763,0.03964378304516443,0.4324390901780455,0.4313202244676635,0.0013761541301537917,1.6069564857534946,0.23332053798052485,1.873752947254585,1.8467593929211044,0.02263016897699828,6350.773011434988,1900.9576159425962,1805.0860435948275,363.7155424047146,8000.0,2000.0,1.4166964331996041,FAULT
0.4213992514528465,0.04021110680567881,0.4814404966299213,0.47929638588026424,0.0016560452038623886,2.0892110917273716,0.36442881837717017,2.460200943166009,2.4298639190579623,0.03479458369194055,9497.889781483571,2842.4756454207304,2169.2659188457696,437.9290575471312,12000.0,2400.0,1.5590802590810013,FAULT
0.3418386959785829,0.041892573150139285,0.40663322402441854,0.39941122493937614,0.0018844787138292485,1.6386362541927135,0.22082864370438327,1.8814174959288683,1.8712995147478813,0.020496277281585557,7939.69242708412,2367.468911323011,2162.393342474367,436.2712181014159,10000.0,2400.0,1.1526250867470926,WARNING
0.3448149966682765,0.03776528868642792,0.40133108891881186,0.3998199620024513,0.0011133488117928206,1.9415332681177746,0.2917163804860168,2.2318015235242545,2.210361802369687,0.028065898171289568,9513.702815172242,2844.9971877419393,1445.2605058748525,291.6046890618131,12000.0,1600.0,1.3550624598687309,WARNING
0.34664716128443146,0.037515616248182,0.4031668205280009,0.4007362287540228,0.001090314109747928,1.91423344065701,0.31357855184095723,2.2480843479425676,2.229481277552084,0.030042207442236086,9518.006698712581,2845.9319724021707,1444.7231280918006,291.8887807404522,12000.0,1600.0,1.3652325105350216,WARNING
0.41651672907032217,0.0402420342775571,0.47703149749041945,0.47045165760162083,0.001709646261864865,1.8809030438737633,0.29288068476661827,2.175159881739752,2.161545755331172,0.027648426411366042,7912.672773668475,2367.6551893183682,2168.3173181786133,438.57106756994807,10000.0,2400.0,1.5378161737539982,FAULT
0.2458951687327586,0.03707127148129204,0.30094666398320763,0.29844966404409085,0.0005111469980103306,1.5656312685442193,0.20216065377676223,1.805957501296078,1.7705520164692699,0.018865265263715975,7940.787755494929,2378.760518522562,721.0127768888528,144.74144040783057,10000.0,800.0,1.0408014807918746,OK
0.23929273288590153,0.03650300251342385,0.29115721923794663,0.291028059140506,0.0007849670076658174,1.7070121613335547,0.24943950727427827,1.9879153969895575,1.9353983286599326,0.023357533338948508,11087.110980449013,3315.3393776306866,1084.877380693414,218.23409097745645,14000.0,1200.0,0.9187738409853954,OK
0.3066856052798655,0.03942435977694745,0.36631822822068527,0.36373734899196886,0.0013989587889756158,1.8681313815514462,0.2963284644768128,2.1891635411545836,2.141894372290267,0.02783824958211909,11097.607512544218,3322.2470688478543,1805.9390250005952,364.5259873610959,14000.0,2000.0,1.0744197969395475,OK
0.3955081192397297,0.04040838564191585,0.47366600592917146,0.45864914123684886,0.0015462286497042335,2.157367689547455,0.4016615157466732,2.6517083202934697,2.5922044284907497,0.03902779494713815,11234.740934066656,3417.90035758516,2165.997141167426,442.27706604379114,14000.0,2400.0,1.422802924395239,FAULT
0.24301189248064514,0.03681045491549555,0.29862359830189855,0.29545609331781275,0.0005731701582797008,1.6924126623000737,0.2288896105896255,1.9505306101253435,1.942079461916201,0.02065745648676688,9492.808398407218,2834.25935738125,720.6631668508186,145.52564386404208,12000.0,800.0,1.0282589182005624,OK
0.3145957273576974,0.039463859154647375,0.3767358876371803,0.3728166925844768,0.001275129385380432,1.608117837849029,0.23252742122746367,1.8788045995953806,1.8564128460162435,0.021022177938983994,7937.88243453804,2374.3832467548787,1810.5854761927728,365.5173034617018,10000.0,2000.0,1.112927120542953,OK
0.2555088813993659,0.03817940911663694,0.3201162259838039,0.31324440096728856,0.000870197182954089,1.3909018269289672,0.16994409058371393,1.6167871669375444,1.5734203467972372,0.015084067167719572,6388.911310830569,1930.1609463439365,1090.4684852944404,222.20797174549594,8000.0,1200.0,0.9999749738430428,OK
0.3738682504486905,0.04073894478618755,0.4449845566727881,0.43519585079631845,0.0017877467138287856,1.5583207813088469,0.1941101249936795,1.852887670930251,1.771645647653795,0.018577957591264568,6351.404632739048,1892.3494577007468,2172.7510183894065,445.63293331364673,8000.0,2400.0,1.3219677227191475,WARNING
0.2750986129406108,0.03690445309395224,0.3327146186821103,0.3277396517723872,0.0005034259258961713,1.9575414155131794,0.3434054467159332,2.307048564110691,2.2830248566198286,0.03335504199071486,11134.314255894777,3351.8978864856217,723.0087665128872,145.74458764558952,14000.0,800.0,1.189201001786496,WARNING
0.27307128788392976,0.03838135500905529,0.3354138665733217,0.3275453311376798,0.0011134185532502077,1.5399226218272903,0.21409746777003424,1.8271779050231567,1.778922560962494,0.020486432396533766,7936.028252492356,2406.1102369779833,1450.0605215064982,295.5752381341923,10000.0,1600.0,0.9888798591665698,OK
0.3016405354408341,0.0395691853855985,0.37082033987341095,0.3562713285023153,0.0016562048192169927,1.3888857283298937,0.15255663173878273,1.594307882111793,1.5664621373240895,0.01343542438294935,6324.170878436855,1888.9388932494924,2166.572503619492,448.3237781057686,8000.0,2400.0,0.96164611715231,OK
0.2786560727641821,0.040694661377789224,0.3443232057480447,0.3343542087206378,0.0017447064377731577,1.5230725637533793,0.19253706557611738,1.7356515652537756,1.7154481194106022,0.017978405509275427,9546.70989308452,2862.572226763515,2160.924684353343,438.5093722237713,12000.0,2400.0,0.848973569205445,OK
0.28820992563907716,0.037413999652599235,0.34931841527254925,0.3452001295130478,0.0005254411174298366,1.5306033190194006,0.19044376264747637,1.781228745031267,1.7418484913018764,0.017668787685772607,6328.457935941431,1904.59440359229,720.2758063225788,145.76691303931923,8000.0,800.0,1.248017073611695,WARNING
0.28591378886896385,0.04083912121434534,0.3560235760110013,0.3459338861729926,0.0015817782537440681,1.5819233075957408,0.20506739207314195,1.8561909289970608,1.7746438904130457,0.018753676801762785,9521.578819731963,2859.4200785456355,2165.779096988127,437.7660101423484,12000.0,2400.0,0.8870843462745799,OK
0.2575709762571148,0.03701511556534828,0.31241312665029564,0.3084862283458657,0.0008590568775918004,1.6835154352964972,0.22761733120111863,1.9723925120945558,1.941922032394233,0.020979941348792205,9534.807138626178,2821.8195055665906,1083.5872079342328,218.45638344078054,12000.0,1200.0,1.0088919509994967,OK
0.20620466031406093,0.035899968315249366,0.25752014993951194,0.2559844957533467,0.0005476623941201761,1.6528173526765069,0.2087579699649805,1.899994385557295,1.8531624605424155,0.018593760742488325,11106.905330851452,3335.5908826252644,721.6946740294889,144.9863990589505,14000.0,800.0,0.8415207645615745,OK
0.4223565354598134,0.04035967905402856,0.48328490755090686,0.4807882606604629,0.0016598697757499905,1.6863049903578584,0.24677739849906047,1.9545072389066755,1.9238082744743374,0.02319571153290653,6339.602891661029,1894.3871165900446,2168.3532201679163,437.10557662254325,8000.0,2400.0,1.5622224023241535,FAULT
0.33129354735439887,0.037502446372372995,0.38601006600194265,0.38282157191148103,0.0009201683311457811,2.0311332953441568,0.33860049163640066,2.393960867454119,2.3528317503253238,0.03167306811138656,11104.619928860377,3325.6334287552163,1438.8657751761214,296.08503887857984,14000.0,1600.0,1.292551286685668,WARNING
0.3505738201371071,0.04056590408778476,0.41112930222272387,0.4094848218340936,0.0016888196604620256,1.660133779834606,0.24018232083403873,1.9435076902966695,1.925338042822778,0.023316732063767488,7926.384441590425,2372.203119153306,2167.9219961346976,436.9871523823558,10000.0,2400.0,1.2036883661779423,WARNING
0.39261170776171744,0.040350165650543404,0.46025701215485904,0.4488176653846023,0.0018028333853933526,1.7907721301518909,0.2751306827910789,2.110723342417342,2.0822827936912205,0.02714122797688393,7951.31461088405,2378.3726019361807,2165.548689443297,435.5802374177721,10000.0,2400.0,1.415967173694625,FAULT
0.3215498162877853,0.03448224650733747,0.388772321881864,0.3672473946514117,0.0005653669143526209,1.9973958155505358,0.30735257056258464,2.3347808190746435,2.2958184183277304,0.03002737930642521,9567.725664925672,2897.145991282485,721.5427160785288,148.256504850043,12000.0,800.0,1.438542017999942,FAULT
0.31637311163783444,0.03950547097887707,0.38801686662595153,0.3700198283896262,0.0014333417180847309,1.6372984618653763,0.21775698189992224,1.9084919373963616,1.876354277169865,0.01994694641935577,7937.688056573667,2351.2803685312088,1813.701922438288,371.58604438397714,10000.0,2000.0,1.125281314443027,OK
0.36836210248157353,0.039851216014553804,0.42942967009332894,0.42589797577878785,0.0014684839359101498,1.9250688341688047,0.3275045208312162,2.243284125852186,2.210587470068565,0.030491291169076687,9544.228172425343,2870.8584076473567,1799.8222737798417,364.32232520586854,12000.0,2000.0,1.37996765204895,WARNING
0.3514271748446615,0.0368087524384966,0.4068675838148172,0.4010040163162184,0.0005532294793088516,2.1908405316337665,0.39756557408808313,2.581220854814049,2.56609897513387,0.037778143804591616,11135.362224025957,3321.4149263238955,1086.9826322382223,220.4012900790443,14000.0,1200.0,1.4702870875173204,FAULT
0.40677795533040595,0.04001466399178682,0.4731517331897714,0.4603304949111934,0.0013815670454401274,2.098557004874028,0.36715704232034485,2.4467320465564937,2.4351533282038695,0.03448675703322338,9525.917418831457,2868.898104233717,1800.4980808087082,361.815337742644,12000.0,2000.0,1.5752005413698686,FAULT
0.36761765402357416,0.04141799999802941,0.44464460068938755,0.4211273580363253,0.0018706490844568485,1.7138948812886423,0.2638242219745807,2.069320561184299,2.0103940045663413,0.025726013454582607,7916.4684920497875,2397.838998663182,2161.246128311734,430.2063439024137,10000.0,2400.0,1.28979644377845,WARNING
0.3789280745802142,0.04090267027345671,0.44997140567733,0.4423695030275485,0.0014460361663035928,2.1765814552827734,0.4073553756596302,2.667545633549615,2.597557041765297,0.038771610831956384,11072.3014306529,3315.800654207374,1802.1682063802584,365.5711553810522,14000.0,2000.0,1.4319068023778125,FAULT
0.333299623188416,0.03514877440489596,0.38353384610934566,0.38058488863533224,0.0009192609555561853,2.0839380646901606,0.37976031113240527,2.478786621591453,2.459317259378742,0.03621006879978472,11052.426084528393,3337.821775238321,1446.2460056334885,288.0531385436317,14000.0,1600.0,1.3145751077224066,WARNING
0.37451658306822194,0.04185922744583195,0.4367963354801079,0.4319784521083023,0.0015967448717795968,1.9403150046214102,0.2924064713701519,2.263045651704367,2.2079435486712966,0.027939835599649916,9488.799459909089,2841.3832279912954,2169.465073683063,440.23072612164515,12000.0,2400.0,1.3314678880055537,WARNING
0.37061756875855045,0.03849913658101137,0.42437193605243234,0.42149903913612796,0.0013572189752162297,2.155764383271614,0.37680027622509477,2.5523809291014237,2.5236875146424627,0.03650681837922011,11103.34730118448,3310.4697471735376,1807.3940256861968,365.15691219298577,14000.0,2000.0,1.4001161959307002,FAULT
0.32126322594494167,0.03581969396837821,0.38438242727811683,0.37146998842625323,0.0008441290078528086,1.9218935659403216,0.3033454362474329,2.236894553547908,2.2302333093947144,0.028031673332956742,9475.863702980123,2820.070587102857,1084.5394603483558,221.83487310320356,12000.0,1200.0,1.3315772811416486,WARNING
0.2398894989743779,0.038058097761259,0.2984880282643001,0.29459785293031415,0.001171407152681903,1.3303794593388525,0.12490123595214853,1.4966015014165799,1.4734385155277656,0.011080758220500149,6340.618415642592,1908.127232274538,1450.5690741493581,292.2377036757383,8000.0,1600.0,0.8278376340094424,OK
0.244038508516979,0.03778586457338758,0.30175927462175306,0.2996459816616879,0.001126227116264876,1.447716157431018,0.16211209656370315,1.6416632802660645,1.6262124316947486,0.014428774191334258,7932.1024187962275,2371.797880898915,1443.40880161661,290.66277189979513,10000.0,1600.0,0.8519155943538517,OK
0.30702604913311654,0.039361695616741715,0.37230518916305533,0.36271439126473615,0.0016767782016857613,1.4007351386668492,0.15945971172118964,1.6069183328430972,1.5762250889925844,0.014190492998253078,6355.37367652259,1915.6198662605045,2165.2114464628676,430.69259934432887,8000.0,2400.0,0.9929670869969238,OK
0.3647543611704886,0.03722772963146301,0.4268336905695594,0.4208808249264996,0.0009103643963556091,1.8916527461722115,0.30307821325551076,2.2576766017030208,2.1957589052951834,0.02883123402310034,7900.62385055003,2342.6043040350114,1085.3259516141352,217.72118761182125,10000.0,1200.0,1.54998549594189,FAULT
0.26995232752822307,0.03809758527580087,0.32651752370860704,0.325766325938981,0.001198511780018183,1.6458954375917505,0.23458857989776044,1.9169107385772504,1.8979206779655544,0.022654695057025834,9497.227674010372,2854.5554668776776,1442.4419099676902,290.7193946323254,12000.0,1600.0,0.9808759918121182,OK
0.3509398361353783,0.04055934169927367,0.4112006710877014,0.40970283782127903,0.0015612181082803578,2.067003378637375,0.35099390753252846,2.4800650262803656,2.4153614675154698,0.03386543949870018,11091.265927641161,3325.1063062157577,1799.0362342403616,359.18490016439245,14000.0,2000.0,1.3056021545051504,WARNING
0.2565157683510672,0.03846539573483439,0.3155341601883465,0.310804920885487,0.0006086876431869192,1.4364746463803097,0.16217490220388675,1.6556604739924692,1.624671269963835,0.01425166306111454,6356.438110077998,1913.710525982272,723.6185212268281,143.59890118731218,8000.0,800.0,1.0912702654424598,OK
0.2622033463167945,0.03813369856302057,0.3236517208645622,0.3216273960297733,0.0014083674419885187,1.3305848658592156,0.1431114208701972,1.5642932302725716,1.5001181069210805,0.012824699977279789,6360.205453929547,1905.0440845704336,1812.531238294729,368.14701517665975,8000.0,2000.0,0.8608050503331897,OK
0.24970871762111577,0.036495660467202186,0.31394163285879434,0.2986405479892459,0.0005847599371893436,1.5715580629281396,0.22124534995901754,1.8327571392343045,1.8145495464699795,0.01979947183083416,7973.782838519025,2400.761880004492,722.7105767047614,148.37706063132427,10000.0,800.0,1.0594824513317262,OK
0.2774532630172312,0.03910656658871133,0.3387584392138531,0.3332161976796487,0.0008532900974295221,1.847517333889464,0.3053782294711767,2.2023086460419155,2.1565590055221993,0.028192806033989982,10997.572055157534,3346.5521559568488,1094.5192704790172,223.2790705262381,14000.0,1200.0,1.1039707649642239,OK
0.32961454471968193,0.03923644922487011,0.3947628700251409,0.38585101206964667,0.0014805234735351066,1.8046797845337312,0.27535600034702,2.1376673532101744,2.046037508593559,0.026025273538075218,9518.84756103372,2871.0481740747277,1805.7972134442423,367.0326609726524,12000.0,2000.0,1.189756961315517,WARNING
0.3466508152872044,0.04011657963489696,0.4145897389863273,0.4041246316389726,0.0011454143458478397,1.703463502404062,0.252586546172362,1.9754308497898603,1.964224351195559,0.023642905860764563,7980.673799158879,2434.6067266517953,1825.0616433527732,369.5879106971234,10000.0,2000.0,1.2727277545560065,WARNING
0.29830036541098187,0.035995503026607846,0.350371191322578,0.34876012058182804,0.0005241285934846792,2.041997664279821,0.34945807287647124,2.429571889932239,2.369637842230733,0.033202851613630964,11098.489195047861,3319.2861315839514,722.5916124627023,145.77007419905493,14000.0,800.0,1.3044743153055625,WARNING
0.28348016284436595,0.040757203890373954,0.34427504653747354,0.34234551019074294,0.0017146326094909536,1.5708574296587703,0.21366332241953198,1.8212941539962721,1.7879404308212075,0.02089774152800666,9522.857630986382,2849.9100836129733,2169.6074807633413,437.11362682333015,12000.0,2400.0,0.8671573812597793,OK
0.28265878219122914,0.03769941959514261,0.34027336539707465,0.3368480010453382,0.0011306916325955084,1.8208629069112086,0.2914124314822346,2.132272385158405,2.097348880482711,0.027645094745691316,11086.981395836718,3305.7689215440987,1445.100177232322,292.768973499443,14000.0,1600.0,1.0450575535304125,OK
0.22955628881366918,0.036024501423377195,0.28190534758396124,0.28034615946685737,0.0005190104485102203,1.3997277243229904,0.15369231791172966,1.6038321792324175,1.5782836298880114,0.01430037556811608,6344.253893564066,1897.0782682291344,722.7130083889023,145.75775079569388,8000.0,800.0,0.960297583719183,OK
0.3517882253414548,0.037796805059107756,0.41062359367217777,0.4065875034582862,0.0011272662958668252,1.5861043574618097,0.21216221933625315,1.833195817605755,1.8072108082052551,0.02024874289208266,6336.665459914214,1897.6462306422382,1444.5922665168316,291.72941721077797,8000.0,1600.0,1.3928038050313762,WARNING
0.36922891172379824,0.03664469737114029,0.42469252279261993,0.42160685233710454,0.0008155248296356592,1.9049164402373993,0.2878764501318748,2.225742385621821,2.207388655628053,0.02846044349719752,7930.276765599122,2370.586487657291,1083.9327498735486,218.6680029999415,10000.0,1200.0,1.5684894945466714,FAULT
0.3847264304082359,0.03913996035780574,0.4442835950264081,0.436834876560333,0.0011501268697358328,2.064655447382,0.33988112040155843,2.3898359670493794,2.365396862095151,0.0323828607682717,9515.883455690015,2860.6973139270226,1440.8074825941364,290.7962194130052,12000.0,1600.0,1.5457455008993848,FAULT
0.3295292985484306,0.03662046838444075,0.3875404390810016,0.3811745681069172,0.0007643188847468682,1.761845302109902,0.2842053411812214,2.0658658733888187,2.057521453517968,0.027670573114566062,7922.349765980976,2370.761530427581,1089.022849857694,220.24339564926154,10000.0,1200.0,1.3713243546292109,WARNING
0.3178204054837378,0.04231244526071726,0.3881856320525278,0.378973986817539,0.0013522080582374415,1.6206543912306495,0.222777428155818,1.885138841833021,1.8756366932759398,0.02019180927639102,7897.45092640837,2353.404446002624,1801.0955621754297,362.50208579875016,10000.0,2000.0,1.1348614769588352,OK
0.3131049038021587,0.038566654493035805,0.38180520586347994,0.37293407274449136,0.001432025991852588,1.6417088508406135,0.24202758523796017,1.986351815057663,1.8893513051479303,0.02221064701898352,7837.494469225836,2327.9021160644097,1450.9040300438498,291.10813632458985,10000.0,1600.0,1.189125295299124,WARNING
0.2503781576860269,0.03677552079035078,0.3100484042119046,0.30000081265712725,0.0006810064439483016,1.6426026567630223,0.2342825732987834,1.9273421612229331,1.911320042137263,0.021132442012785344,9537.754209954517,2873.868737050487,1083.1228946208857,214.86995708617056,12000.0,1200.0,0.9726113342345755,OK
0.3005694842596776,0.04051971344362525,0.3607342091379074,0.3590529229083257,0.0016847803436305698,1.513449902833049,0.17855700317863,1.7444843633738665,1.703103844886152,0.016089449436122047,7927.305113403173,2370.147358669115,2167.7425867739566,437.06360411343275,10000.0,2400.0,0.9540155471867783,OK
0.33636726947372575,0.03817328502251284,0.3945806546910495,0.39356469333939315,0.0015203969595103217,1.9870904485910084,0.347078898321133,2.3232015946371463,2.308701133987223,0.03369515477332846,11091.157941481933,3302.050552013404,1807.9409040680046,366.63265073417966,14000.0,2000.0,1.2239313957421858,WARNING
0.3447046240024925,0.03703179367933704,0.4027787187924459,0.3953412347390703,0.0007990522764062233,2.172808724731495,0.38288271473121294,2.574717590898683,2.5468330330110467,0.03639433365865376,11093.053006964405,3327.1506712163405,1084.9525949784827,219.7245420480741,14000.0,1200.0,1.4437072398468749,FAULT
0.28935128571416685,0.0369552156386651,0.34618669243412986,0.341193379061976,0.0007959347447205721,1.4868969476219058,0.18134583002330087,1.687130483753263,1.6654168527316615,0.01634903052272025,6333.9068160712395,1883.7617373132077,1083.0820721800724,218.108674230736,8000.0,1200.0,1.1685481012125236,WARNING
0.33820800979388144,0.0405346908173403,0.4000848673903154,0.395517617701849,0.0015052053315601965,1.7685391769948124,0.25020887110479056,2.052111224098381,2.033636175220272,0.023982831524036033,9470.756098487906,2819.581762417557,2172.627082188469,437.07615005063855,12000.0,2400.0,1.1402120109404248,OK
0.35742189187926654,0.038736467484169416,0.41787558485336473,0.4106182104527403,0.0013704296719867488,1.753248180157151,0.27306123134988936,2.045787202023836,2.015342149930156,0.02509333655082062,7920.837480440575,2355.442285438484,1810.5763538096485,365.33561928079496,10000.0,2000.0,1.3341767033433212,WARNING
0.3361615696280489,0.03877329300078206,0.39455144419070043,0.39231266554635946,0.0013947751437705055,1.702930672599924,0.24276274507978085,1.9577556567674352,1.9132395830385591,0.022974164961493456,7930.076188035367,2372.2995104593087,1805.9914381154088,363.82957752271295,10000.0,2000.0,1.2227592937936906,WARNING
0.2643805868689655,0.036968471529241986,0.32215904281387947,0.3196450189140209,0.0005088108534828832,1.7576899978673661,0.2662521578178972,2.112273781001302,2.059559403279107,0.02607440601200222,9542.72677049506,2876.045549598505,724.2134538463868,147.77075152753935,12000.0,800.0,1.127601882833149,OK
0.34374507225236733,0.037441866787137186,0.3995431145621511,0.39821577045654316,0.001105364680636861,1.7566618026830654,0.2805779169880585,2.0569774226298443,2.0206369673714537,0.02728415197993286,7925.095799201977,2369.750254645103,1445.9538591230157,292.8368681120411,10000.0,1600.0,1.3538525434252677,WARNING
0.2252713989516962,0.03685593721691872,0.28331614279833134,0.2751374489717886,0.0007615628494998896,1.5432315389537297,0.19354796227986704,1.7915392970485116,1.7417313853564558,0.017183343702059758,9504.701887269388,2829.0809608526574,1080.523435606637,217.55429047796918,12000.0,1200.0,0.8497298190378881,OK
0.22476911768348037,0.03491671995660468,0.28402437257304236,0.27642706705848863,0.0007659429867995905,1.5458341763143222,0.19592872318347856,1.7565545219014866,1.7415333387659144,0.016775522653028452,9499.595699426529,2836.970792790222,1083.1048661097275,218.88813630452893,12000.0,1200.0,0.8342474648445497,OK
0.3037130290202316,0.038444109266933174,0.3642241512880958,0.3591352977190255,0.0006682495702714175,1.5117729510205693,0.20153332458267337,1.7598786394908785,1.699236564278415,0.019073458887026586,6352.5132709207155,1904.0618395727568,1083.3626176629225,219.99500909772027,8000.0,1200.0,1.2415503915079302,WARNING
0.362341710382825,0.03699507648726883,0.4189039301066455,0.4116452440644987,0.0006700229044538031,1.860770527357246,0.2903686355287009,2.1410065828265235,2.1320901976340663,0.028021724783810813,7907.9010230537415,2370.51471254576,1085.6657191831443,217.95277570610543,10000.0,1200.0,1.5202421655263796,FAULT
0.2604568266467194,0.03970882111106232,0.3245809677230441,0.3153175399411653,0.0014113887132236802,1.438715560230631,0.14990367739280436,1.6447269124612316,1.6230743063429394,0.012931200906553014,7990.625277640679,2435.7841632454774,1810.2607491459853,369.89875259170697,10000.0,2000.0,0.8454487607226564,OK
0.3578319011370392,0.0372427187798104,0.42433489812194025,0.42001204761888955,0.000998099651620904,1.859962129767288,0.2945226707173715,2.1937518315089295,2.1752944410395187,0.028823702479797146,7923.757471971951,2382.892617945955,1080.6726896796536,220.12706146666866,10000.0,1200.0,1.498505991650858,FAULT
0.36021005514751,0.039376009712890674,0.4235541646549464,0.41652784146404676,0.001563877989412697,1.5518757878487155,0.22547093477754707,1.8548226448926823,1.8462289733841106,0.021316476518907605,6365.975408854116,1921.685649362154,2153.0204137732608,429.95587977942296,8000.0,2400.0,1.2695764821161777,WARNING
0.2724857096322513,0.038807762623462284,0.33077512347620763,0.3286868861796589,0.0013904927220947023,1.3786770038200715,0.13465689459830907,1.5394266733217035,1.526154974987218,0.011733660843702238,6342.799217270472,1899.0963503867522,1806.2842520399188,364.05040246869294,8000.0,2000.0,0.9047182432519322,OK
0.36427499167871996,0.0406159116683331,0.4240776177743368,0.42022305119512526,0.0017075207533610718,2.027725886400319,0.32749952001944616,2.327345381606377,2.3131903361160795,0.03099973027721897,11088.042990344058,3319.556894995789,2164.572281503402,436.2268430456192,14000.0,2400.0,1.269819962716483,WARNING
0.3603557768812654,0.03839628410126871,0.41703024021377866,0.41498520105670356,0.0011466977788767848,2.0016418971814987,0.33231771222817585,2.349358745690101,2.329438294479558,0.031204444636742414,9509.686346609646,2846.7128565170296,1446.4815103190858,292.75409120170065,12000.0,1600.0,1.4329827274528453,FAULT
0.31755591433002583,0.03684299629566172,0.37247285146753994,0.370807177332668,0.0008222872799877501,1.556452270707627,0.1977389432408094,1.8040934241089626,1.792820993279238,0.017610612907178826,6342.453110744572,1897.4280087702855,1083.9923771345102,218.73568983257132,8000.0,1200.0,1.3094126190527482,WARNING
0.4063332675970285,0.04184261008421879,0.4714781410282836,0.46171964665332665,0.0015088157513690023,2.0151055712661843,0.3202898924066426,2.309808933157083,2.305883377071455,0.03091563350856701,9538.595323735286,2848.955050545619,2165.672092819444,440.92144108253444,12000.0,2400.0,1.4690192434974492,FAULT
0.28126849996820075,0.035805494782028054,0.3358524175971251,0.33298290444992695,0.0003310963418903744,2.003388946120215,0.32462200149969545,2.3765340291984383,2.269876687729854,0.03008495022936958,11107.52765949653,3324.803391532388,723.2802150253335,147.1232282858157,14000.0,800.0,1.2225347667314725,WARNING
0.3147817226926244,0.0405265933941107,0.37516760934029875,0.3740102045849235,0.0017226042187190754,1.558454914982981,0.19104781709942537,1.8063159654601328,1.7537996295450768,0.01770654701368619,7959.310001103806,2388.200691700348,2161.935670214059,434.8855344409381,10000.0,2400.0,1.024665797421241,OK
0.2887657016006673,0.03588772924542742,0.34589855408236375,0.33940939992892216,0.000453700604236542,2.00471732371186,0.35459041839039246,2.4450743259273366,2.3539331901048333,0.033680730651875115,11061.782989162319,3358.0939575436214,726.8233368404875,147.84493733785985,14000.0,800.0,1.2608186810323225,WARNING
0.40721188223544896,0.03972404820196267,0.47187934851251534,0.4639959756845193,0.0018621319901018015,1.6239416054320222,0.22464284684776603,1.8931631983171313,1.8579891614846589,0.021466191717362627,6366.087241492232,1922.3050303964735,2164.142852102965,436.1881180679734,8000.0,2400.0,1.4919587420764762,FAULT
0.375118483302542,0.03810145608778198,0.43455145755853647,0.4336305329732356,0.0007571121412722787,1.7174850332238962,0.24624183291508467,1.9975142136140145,1.9645066605664523,0.021201152024759765,6364.2115082011715,1908.288412896865,1082.4675266120848,220.17023837131777,8000.0,1200.0,1.5953088563379014,FAULT
0.24429654307832377,0.03600539214190908,0.2964415936702716,0.29501331807061193,0.0005191277536497048,1.5668913035849854,0.20777402826114783,1.8070408123876684,1.7954148892144013,0.020201368490682155,7928.666784558695,2370.404579122248,722.4782970264201,145.55510959774978,10000.0,800.0,1.0337155623563437,OK
0.3553822875824827,0.0363983467720611,0.40904097647757537,0.4076017407303427,0.0008301265801961323,1.8579067999613692,0.29248624892222536,2.1457853470686032,2.142509873755263,0.028313612798588968,7936.916775976685,2378.6602239361637,1084.5065466227434,218.34805384173384,10000.0,1200.0,1.5008136481372945,FAULT
0.33860876397040274,0.04196664396932954,0.4009370340837823,0.39557061361096124,0.0016873530418755158,1.919996201223459,0.307996576526881,2.296654128587458,2.216673371028973,0.028541383613772526,10994.646249290301,3287.401601585668,2171.774744490668,449.7213453384176,14000.0,2400.0,1.1456270375869293,OK
0.3147118970807004,0.03659221854419645,0.37242508424966964,0.36687720480067143,0.001103316339449654,1.6628341255359396,0.2536037512545502,1.987507146835376,1.9453518058558652,0.02338669768135545,7894.642423552943,2364.563752425516,1441.2249604031704,290.6599063109851,10000.0,1600.0,1.2104344511612504,WARNING
0.22319946473162378,0.03685441201104376,0.28177394564511804,0.2686478284160966,0.0006110339443380824,1.4331222822319185,0.15991889501377463,1.6844419456798205,1.6027547701574094,0.014182678690463567,7889.041960213585,2316.681989819733,1085.4613498413519,221.62762662853524,10000.0,1200.0,0.8440754284135594,OK
0.30026396473122785,0.04097233507870481,0.3636333294639357,0.3578989976532728,0.0016649456658244226,1.6237009426345488,0.23285376839306282,1.8758395380207489,1.8504034408379935,0.021552538228158627,9503.982696322697,2840.0270502449416,2168.429626882652,436.71176329756486,12000.0,2400.0,0.9539224531153193,OK
0.24928031752901672,0.0367474727405447,0.30283324758101215,0.3019163405639701,0.000802948675818591,1.76463034171331,0.2615301143331304,2.0057697386794358,2.0026106207785768,0.02430507302727463,11095.99647215321,3318.7059377598716,1083.9867866722407,218.80660506985106,14000.0,1200.0,0.9688887955904493,OK
0.23354277593002354,0.037636044191333894,0.2900525627378425,0.28467955943106016,0.0006861673397385407,1.5147130243980858,0.2143604650684351,1.7536110060298766,1.7321151238096721,0.02005633534723914,7936.91192832325,2374.9425352322114,721.2418483001406,147.3325537035852,10000.0,800.0,0.973733791631931,OK
0.29031719165843817,0.039287873391705794,0.3586893181615144,0.3513363769569875,0.0010523663938158785,1.4324065356802822,0.19436120361878378,1.7042033424061915,1.671787487459755,0.017187545645136016,6340.506431629113,1923.3633512147192,1435.215323183611,287.1202117813072,8000.0,1600.0,1.069616256380008,OK
0.3796147427282002,0.044313308879456136,0.45035358514054924,0.44839095046668054,0.0021254104690067257,1.7421336645472085,0.29569557743855834,2.0883441120011987,2.055240816108596,0.02699251575727318,7939.583978918985,2400.834351815475,2167.9061905828653,445.987436388146,10000.0,2400.0,1.3409059197955449,WARNING
0.36643595425807424,0.0394937527162585,0.43340923177684,0.41876178550960586,0.0014193345461951071,2.1045203122637437,0.3691307653488481,2.4787694183344327,2.4635180830713446,0.03438851620560452,11100.154414263106,3391.365046045358,1802.626993838957,363.9331729674547,14000.0,2000.0,1.367162282458902,WARNING
0.2612574027182466,0.03658774359866295,0.31633834002534605,0.3116377913280205,0.0008163599162103093,1.6705244982842484,0.22778181656411434,1.9648701235972268,1.9169626945765212,0.021374102893567237,9484.396167685129,2837.98771154631,1083.1310886218648,218.48899373424433,12000.0,1200.0,1.0250766612415068,OK
0.2262103050521735,0.036601496465974596,0.2810805285174159,0.27817173071418433,0.0006111862215931402,1.391790418025482,0.15297574131041664,1.6076610492253358,1.5465934857908776,0.01330924959088959,6334.323844594799,1885.6033227247271,722.6403514956978,145.3819075570561,8000.0,800.0,0.9450743295819408,OK
0.3087196598725958,0.03897105258241773,0.3671892582858286,0.36541826270661015,0.001407350066515741,1.8737252536406304,0.2841355535733493,2.192911500057408,2.166468595106509,0.026853252524969923,11097.830339658229,3318.016251369393,1807.433114133042,364.3056414408724,14000.0,2000.0,1.0845805083982696,OK
0.3490343180079212,0.0379686860307314,0.40667648277048785,0.3995018738795577,0.001036299243597739,2.1087526982303357,0.36501356220397324,2.511713640405703,2.469001185254249,0.034691154060153113,11118.32499868276,3361.946295203671,1449.4390383222758,295.0425939738888,14000.0,1600.0,1.3793806705894112,WARNING
0.326684200553551,0.03545491567736528,0.38346862073594906,0.3796180370259933,0.00048215458968672896,1.840058834004967,0.27850904393751946,2.1432798571575136,2.095283624115276,0.025922800303980847,7935.256415232118,2377.4705357505413,724.1433648585169,146.131117985423,10000.0,800.0,1.4444131387069592,FAULT
0.3923638881051748,0.04072325337551059,0.4575369343584245,0.4518851553572783,0.0013215001746264491,1.8601937786906098,0.30341086633219994,2.199700971575804,2.1510001681312296,0.02872167344465397,7919.1645779047785,2373.81959380109,1805.3631404649213,365.0656182454123,10000.0,2000.0,1.5068123062888379,FAULT
0.36754015199282175,0.037638418734683744,0.42371692648927656,0.42220142187012244,0.0011050726070108324,2.1874202267460565,0.39121796351986526,2.5827219876865137,2.528446385987082,0.03693255476954578,11099.34604208742,3319.8988229637102,1445.3772738142495,291.5027275549986,14000.0,1600.0,1.469685461670264,FAULT
0.3732735931756448,0.039672736894889066,0.4411684802644618,0.4255445544546502,0.00160559403456063,1.577418349346865,0.20779095884315082,1.8179722450768154,1.7967956663562208,0.01825758689748145,6361.224719080765,1897.8829347954133,2176.9377299445164,449.9483741188754,8000.0,2400.0,1.3243337530705324,WARNING
0.3719879580058905,0.03786765736911745,0.42823481562716265,0.4264711907994786,0.0010805860111002558,2.232251671484272,0.3716984253019873,2.595733297242095,2.5796554616563094,0.03555116927472325,11100.513430598128,3319.929529706034,1444.8869534207338,290.9594029775288,14000.0,1600.0,1.4927012579417185,FAULT
0.3100872906459439,0.04220999129728169,0.3836154964903257,0.37510203653551044,0.001841357695630877,1.4166880681573948,0.16038109296780861,1.6593328657744866,1.6240203136863465,0.012439415587406752,6314.279123282158,1890.4343782215115,2155.381688052058,440.87665369555845,8000.0,2400.0,1.0105722088782387,OK
0.234015336638486,0.03824630834492126,0.29637429958072564,0.28781842610315655,0.0009832820736609168,1.4964597105111,0.19730919493677282,1.7839263512867276,1.733246286003376,0.017810220875804823,9565.605924593849,2880.237040266895,1447.6540222516564,294.4379617032541,12000.0,1600.0,0.8021182030297357,OK
0.21311377067334722,0.0355884729129807,0.2645662401588446,0.25945703478145044,0.000529377813087637,1.690244278067337,0.24649110169291066,1.9840475371993807,1.9627976971520171,0.023798729046528386,11104.881294223009,3316.7282504357836,720.9205737335861,146.31697419302074,14000.0,800.0,0.8832666720042943,OK
0.23510811788763367,0.03688925808249078,0.2875482531280307,0.28650251737281174,0.0007045734793645597,1.36404718928967,0.14627162771536772,1.552455383755613,1.5154125572752175,0.012790597702529468,6361.045126577992,1917.731093866911,1085.2682407045145,218.41728222399757,8000.0,1200.0,0.8961299371585429,OK
0.3839075905405528,0.04043538287886957,0.44348500892893117,0.4433294123500582,0.0016658385986904325,2.095347926593874,0.3695482168940156,2.474705651041531,2.432993860187369,0.035568746712938665,11104.536978401411,3330.3595403098816,2169.242797123267,438.80812422747414,14000.0,2400.0,1.3718367826580895,WARNING
0.30967836098965346,0.03630288381371309,0.375139937830293,0.3581945797368006,0.0010079951884333332,2.0164093877321134,0.3352468044477114,2.396661638783392,2.358274067230379,0.03099867709473444,11029.573153650552,3290.8637423369646,1088.7967248892764,220.9216278852601,14000.0,1200.0,1.2779480492077053,WARNING
0.29934041093298985,0.03862314023206429,0.35593897540050357,0.35184222132437915,0.001017897762763623,1.611556069141264,0.21690136254503015,1.8567183459335233,1.8332080925234964,0.020655335737125607,7975.68273108443,2403.5045020348025,1448.980054363313,293.35320769825125,10000.0,1600.0,1.1210383633971799,OK
0.2985524896325899,0.03664123063373753,0.3558018491976423,0.3549288680728021,0.0008757837695151065,1.6855638392550387,0.232505749238585,1.943340467158915,1.9037443029145518,0.021662176762789268,7905.559856737904,2357.507110389354,1083.653485833552,218.4533797171579,10000.0,1200.0,1.2160599101371936,WARNING
0.3152168594068046,0.03679157883417283,0.37189307699205343,0.36797958476753034,0.0005778400737621569,1.7747621495423023,0.28506641606030736,2.087926623475006,2.036461492840203,0.027189265414510496,7943.84969135601,2371.3656027828556,720.9530491320886,146.0674378339265,10000.0,800.0,1.3875755704010833,WARNING
0.28013629874659923,0.03503877318676643,0.33846596630610737,0.3256815725580443,0.0006308321729718184,1.5327814506129507,0.18458826139315263,1.7578365261938205,1.7450555353017059,0.017974299345036374,6384.218017084441,1942.0007769035012,722.7684852356643,147.00242434770712,8000.0,800.0,1.2217460398660722,WARNING
0.2979655216267108,0.037975124630713224,0.3544710338546745,0.3531934789743504,0.0011459931084207603,1.8987638297999871,0.28856282502469777,2.193650973277799,2.1584475177301483,0.027019900303792525,11092.257133307678,3305.5525303138875,1447.7257269698994,294.54724571033074,14000.0,1600.0,1.1248834259107203,OK
0.24013254146195462,0.036469190187251366,0.2945866415244025,0.2913528090096267,0.0005453027789824283,1.6964123293825568,0.2365500379936359,1.9399486907603873,1.9283152303173932,0.02310126608057125,9511.883316622849,2846.637752181047,722.6540023107548,146.31489335758005,12000.0,800.0,1.014617624131661,OK
0.32213852017108874,0.03666623252673642,0.3766183571159347,0.3747549977855435,0.0008166381416478849,1.7450426332181779,0.26769214570994154,2.020122268305819,2.0110924499130354,0.025276286114893867,7927.692663238848,2372.407950410003,1083.5212050693713,218.42892535668256,10000.0,1200.0,1.3328844697886733,WARNING
0.4210360639751626,0.04085108325891783,0.4885625321705898,0.4844664307335785,0.0018060820902555828,1.8941235211544634,0.2788042377352379,2.2196645328895594,2.1762211833101595,0.026851818331977265,7923.948849930553,2379.041436971687,2168.399534775438,435.26000926216386,10000.0,2400.0,1.5561297366170999,FAULT
0.24083099574879566,0.03655815199291689,0.30109641699364853,0.29365716439560374,0.0007282945770319402,1.483752492561223,0.19556781701221015,1.683817683472168,1.678935630429129,0.01687975383449572,7976.697643010315,2388.1768535671354,1076.3550706289388,219.86885801046202,10000.0,1200.0,0.9237076110987342,OK
0.29045874056973503,0.04015470002702025,0.35232092336982906,0.3472762295438553,0.0016587460699442858,1.5920705719268822,0.21296910324868992,1.8384547286837811,1.8102296266404068,0.020068572741266204,9503.16335549038,2839.238857572195,2168.085644088403,437.503801220435,12000.0,2400.0,0.9031285475405506,OK
0.23531103189556535,0.03635312039251596,0.2893751108862546,0.28731272362071625,0.0005407664566862992,1.3897590888122286,0.16136997543502227,1.6044784296807408,1.566338765200747,0.015158044455787608,6343.020052071576,1896.8567441632574,722.4368958635,144.8886008842136,8000.0,800.0,0.9904916334870101,OK
0.24149481110954,0.03948590136185452,0.30295849499056804,0.2958128145149769,0.001069966963628868,1.6537616408167197,0.22590530634341058,1.9076096971201517,1.8628054775621614,0.021449621739824908,11128.367071507655,3274.9661215223264,1449.5814083514758,295.75450135509226,14000.0,1600.0,0.8411365805095531,OK
0.3250171053524235,0.03686799006395028,0.3907081627342261,0.3816335879340617,0.0006098398467120091,1.8108360820878129,0.291491444757228,2.171566382855836,2.123413848887793,0.027923953829644778,7926.042163673359,2389.3535755305725,721.2085123939567,146.13304091334427,10000.0,800.0,1.4343432795139746,FAULT
0.3672879871628443,0.04004908584875728,0.4282878716349977,0.4254869500033236,0.0014731791387801293,1.7005912207590754,0.27078360701274967,2.0177409088586193,1.9821496169387522,0.026130275186646765,7934.584224335487,2354.735062329974,2170.7375622980294,436.4443596352592,10000.0,2400.0,1.2849333577108157,WARNING
0.35024871128080837,0.037575762608737,0.41484640007917245,0.4025211716883114,0.0010550058391802326,1.977143483023457,0.3355967029025029,2.3061312625444232,2.290983648760254,0.032206068381071394,9540.149301699776,2852.383896093024,1452.0752660291862,292.9435985612355,12000.0,1600.0,1.3911893430813165,WARNING
0.35741969258191814,0.04065295441592115,0.42054949097131966,0.4153717782677947,0.0018040125518996317,1.8454872850238857,0.30406064176045045,2.1408496625523155,2.1198719603217953,0.02753906612440242,9570.739318706117,2886.555255478582,2149.4311867408414,440.0460848469537,12000.0,2400.0,1.2309622979106587,WARNING
0.35659551151619095,0.0384536550618704,0.4110538523387824,0.4080971444774265,0.0012837281366613546,1.9212147883754076,0.2947261636827479,2.2507546633447344,2.207985225032952,0.02764193070842052,9495.934321806566,2857.3983423897917,1795.5955096514292,358.6102778737063,12000.0,2000.0,1.3172304184145975,WARNING
0.28595046971947075,0.03827739563861642,0.34481383248348635,0.34114066363390183,0.0010121744582394351,1.4675898802482081,0.19558805954609249,1.7106034704831288,1.6848450523728815,0.017611490473728106,6348.54871369898,1911.531761004773,1084.7453807598577,218.27854349277814,8000.0,1200.0,1.1498371654129318,OK
0.2827573216569755,0.03719901467686082,0.3416493568697332,0.33790951533618474,0.0011993156702582906,1.8342366126352103,0.2881680515322832,2.1013600792792113,2.0979278826004073,0.02752251386098751,11090.865380125839,3313.3694651212168,1442.0279330428607,289.5998258213907,14000.0,1600.0,1.0461231031925056,OK
0.22400311983296,0.036927792164545684,0.2786483111251312,0.2770263545594669,0.0008697988022234451,1.6532237637943277,0.22721758813555742,1.921706057640654,1.9081485083370509,0.02203930504321479,11087.386656564335,3305.3379386147394,1084.4143843907023,218.62600737952755,14000.0,1200.0,0.8414268929425219,OK
0.3265136995352613,0.037196752598408066,0.3828037406933561,0.377031132518156,0.0007788213434314558,1.762320670518828,0.27676261920570777,2.057975526367741,2.030525391512207,0.025959156769554938,7940.3311863416975,2378.5024999837665,1085.7968784508382,220.87783932826125,10000.0,1200.0,1.3547464412546153,WARNING
0.37286195256221033,0.03754878575735042,0.42927919556323757,0.4275672024697075,0.0010971210267316212,2.2207199282693186,0.39154668882973,2.5712422724783344,2.5607186665277744,0.03659982130454809,11103.454544938613,3322.655333186344,1444.756490830318,291.30112561584593,14000.0,1600.0,1.4958204484714568,FAULT
0.2696654329487138,0.040779518626995685,0.3329152997733361,0.3282210101685929,0.0013620249845523117,1.5120545760943258,0.19809510494049867,1.80062291072893,1.7425880762322028,0.019722290081318143,9476.76306953799,2858.1451685598195,2177.601575378532,446.36375411347603,12000.0,2400.0,0.8041566171801726,OK
0.24619659906429261,0.03843106104302401,0.31215449313143384,0.30147847268894157,0.0011230001505162666,1.5527444598436857,0.20370843323672438,1.8091706292228709,1.8051669528730536,0.019224549521974024,9503.169756721029,2841.3751665943037,1427.9149730972977,298.15099677934336,12000.0,1600.0,0.8604226409372742,OK
0.3634715773775758,0.040456178365482494,0.4270271636298366,0.4245605019514862,0.001667676217490686,1.545594625259619,0.2046295767370619,1.8042462297032684,1.7738551944800314,0.019484353846479775,6325.271455276154,1893.127677775755,2167.3547782948826,436.3870108941405,8000.0,2400.0,1.2698034817277983,WARNING
0.2496468091168956,0.03579536068669657,0.30140238240516304,0.29873501452962603,0.000488530416297601,1.5774727650049962,0.19897137929196593,1.8361092821683742,1.7928274709614063,0.018642020770314852,7934.948498548508,2371.9475689537207,721.9198989906444,145.85188297659718,10000.0,800.0,1.059888004997199,OK
0.2629779587520184,0.036048820993013764,0.32439076075087186,0.31267795880147653,0.0005963111919724697,1.7338063597167437,0.25090198576128947,1.9909538465599457,1.9731315285448803,0.02265816205708976,9478.192276993423,2861.8122751971237,719.8601537319448,148.98737374979788,12000.0,800.0,1.116762077278344,OK
0.2996561949135136,0.03756572711271378,0.3596924509051962,0.3570419255012838,0.0009495229233974817,1.5268829378619284,0.18160494882166642,1.738979524168614,1.7054068991070779,0.01606090072499021,6343.525089890225,1914.857941451906,1082.6061427542234,218.22642890070367,8000.0,1200.0,1.2207066190791043,WARNING
0.32913302328243865,0.03567307701140604,0.38426256443320816,0.38267461220017757,0.0004561165324118827,1.8363208923988905,0.28137862411931963,2.1340486293526624,2.112956453672772,0.0270779564492943,7940.549089961883,2390.738451910985,724.0485097436771,146.87406536309516,10000.0,800.0,1.4645894765562515,FAULT
0.3703389262806738,0.038280226231283146,0.4310762120610848,0.42326678217185154,0.0011248239093019465,2.2327857605203763,0.402370419168442,2.6417526736020633,2.594836043983602,0.038265085535167026,11071.38162293148,3296.736113716322,1444.793602254934,291.7879918416002,14000.0,1600.0,1.4889262335260753,FAULT
0.3005657510672156,0.03636646211363242,0.3578702690852241,0.3538777023201224,0.0005068555616389287,1.9227639587864414,0.30385733699683054,2.23046566015973,2.1982881521485202,0.02926922926917652,9492.313902047536,2836.2392970818587,721.3167458182006,145.5342624145929,12000.0,800.0,1.3189689621237326,WARNING
0.2530606999865369,0.03608545613004064,0.314605525636978,0.3070987396070317,0.0008151097091757797,1.667507360074692,0.24733948768238628,1.9660613722312068,1.9153265733611162,0.023670568469355086,9501.646064831553,2864.62350953664,1086.9811547066531,219.55926958964244,12000.0,1200.0,0.9962213969197204,OK
0.2822952238739683,0.03878426302993453,0.3437072975290622,0.3359091346954348,0.0011418235094999465,1.833989493942283,0.28311573259311823,2.2089541395589087,2.1614399737635823,0.02835552155779813,11111.319746753854,3325.5913031205973,1449.241373153238,288.7159433750826,14000.0,1600.0,1.0491460430968629,OK
0.343896659088404,0.0345444732140945,0.40030922824018006,0.396008279607305,0.0005472954216329208,1.8442903839225473,0.273115831053936,2.231772466978711,2.1290924160904745,0.026004797491115252,7917.039918461419,2357.987708756516,718.9023468773333,145.02916457180362,10000.0,800.0,1.5421455599194454,FAULT
0.36171339324209795,0.04120884043764237,0.4293660110103359,0.42086230810487396,0.0014241355695970678,1.5744817914623168,0.20328730086985586,1.8027359662956215,1.775925254659409,0.019069334912596606,6312.438718974058,1871.326732780448,1809.5205273878464,363.20946375832506,8000.0,2000.0,1.3453574769498802,WARNING
0.35190506931616483,0.03965619040980523,0.4222567207716476,0.4094329035315146,0.001488269058995993,1.7321338557562607,0.2585264751504309,2.0002231172640674,1.9809732968612823,0.023245657318927016,7938.997883620384,2398.083059521035,1806.4369570629713,366.813335701226,10000.0,2000.0,1.3067756227170597,WARNING
0.3616723749296241,0.041113258376625814,0.42447230177670536,0.4232077708540053,0.0009327026181086199,1.865944864721608,0.30559779119633174,2.1706475178667177,2.151491060399656,0.028326721195035136,7975.742077947575,2402.0387953901873,1074.18439882504,211.6365796809919,10000.0,1200.0,1.5309402720146976,FAULT
0.34275336824539765,0.03820546693105884,0.40008591165552326,0.39791572001637954,0.001085068584528401,1.5807151858579769,0.21442154974008573,1.8310667342534184,1.812927051005866,0.01958335798787918,6340.8268053573265,1897.6667913972508,1443.2333388936067,291.05271237419464,8000.0,1600.0,1.34364736362192,WARNING
0.38304112315564637,0.038044773008451035,0.45014825279855164,0.4419970761957839,0.001135094867626795,2.0868092689504896,0.3532308149369611,2.4659175252790884,2.457751863476898,0.03356917271967377,9529.440928454513,2869.082882372627,1446.2715043410792,298.04040380458235,12000.0,1600.0,1.5584109961713126,FAULT
0.22889303772470934,0.03604300996988167,0.2855918502481942,0.28247105023913965,0.0005504833268153487,1.7555655314426197,0.2802483820107891,2.0477011512382384,2.022975000389014,0.026698081026060326,11124.76728195454,3338.9051837421066,722.4937881566058,146.3181610735674,14000.0,800.0,0.9510266927086809,OK
0.35083357346964816,0.04001350499555926,0.4124892388767453,0.4099574303380831,0.0015032877413976627,2.0493038670759747,0.3532083130887497,2.417364530569869,2.3838731190260045,0.03390005072018642,11094.343504929559,3323.641949462749,1811.1163143004458,365.67454115960317,14000.0,2000.0,1.2920113013655778,WARNING
0.39459668649434365,0.04006528464130387,0.4634976363166648,0.45889786831377793,0.0018280737544705045,1.816138050639932,0.2677859943842256,2.085029272751004,2.0581465888859904,0.02401446361802368,7917.3877750059455,2379.760095478228,2192.2931803550637,452.0981847255143,10000.0,2400.0,1.44426829005335,FAULT
0.2775742490867927,0.03893144810644695,0.33575485209517436,0.33416120313279607,0.0013913458633435106,1.3649970874259605,0.14559405648824925,1.548405678908615,1.5448571477453883,0.014104622624778627,6343.8521877923895,1897.8287005786417,1806.5695746495805,364.30351556982293,8000.0,2000.0,0.9293590279783196,OK
0.40657322023949305,0.04073428954685286,0.4841097541830644,0.4644630199193416,0.0017396561656076246,2.020813603236338,0.3470202762882223,2.384156062052605,2.328544345018064,0.03138215747515288,9485.421130424702,2930.855006856222,2171.1008380869844,449.8807432962385,12000.0,2400.0,1.4864286147448098,FAULT
